step_arrived;step_collisions;step_duration;step_ended;step_halting;step_inserted;step_loaded;step_meanSpeed;step_meanSpeedRelative;step_meanTravelTime;step_meanWaitingTime;step_running;step_stopped;step_teleports;step_time;step_waiting
0;0;1623062811139;0;0;0;1;-1.00;-1.00;-1.00;-1.00;0;0;0;0.00;0
0;0;1623062811139;0;0;1;139;29.45;1.06;-1.00;1.00;1;0;0;1.00;0
0;0;1623062811145;0;0;1;139;28.29;1.02;-1.00;1.00;1;0;0;2.00;0
0;0;1623062811145;0;0;2;139;26.40;0.95;-1.00;1.00;2;0;0;3.00;0
0;0;1623062811145;0;0;2;139;23.69;0.85;-1.00;1.00;2;0;0;4.00;0
0;0;1623062811145;0;0;3;139;23.94;0.86;-1.00;1.00;3;0;0;5.00;0
0;0;1623062811145;0;0;3;139;20.73;0.75;-1.00;1.00;3;0;0;6.00;0
0;0;1623062811145;0;0;3;139;16.46;0.59;-1.00;1.00;3;0;0;7.00;0
0;0;1623062811146;0;0;3;139;12.08;0.43;-1.00;1.00;3;0;0;8.00;0
0;0;1623062811146;0;1;3;139;8.35;0.30;-1.00;1.00;3;0;0;9.00;0
0;0;1623062811146;0;1;3;139;6.13;0.22;-1.00;1.00;3;0;0;10.00;0
0;0;1623062811146;0;1;4;139;10.17;0.37;-1.00;1.00;4;0;0;11.00;0
0;0;1623062811146;0;1;7;139;16.52;0.59;-1.00;1.00;7;0;0;12.00;0
0;0;1623062811146;0;2;7;139;15.87;0.57;-1.00;1.00;7;0;0;13.00;0
0;0;1623062811146;0;1;7;139;15.28;0.55;-1.00;1.00;7;0;0;14.00;0
0;0;1623062811146;0;0;9;139;16.54;0.60;-1.00;1.00;9;0;0;15.00;0
0;0;1623062811146;0;0;10;139;16.60;0.60;-1.00;1.00;10;0;0;16.00;0
0;0;1623062811146;0;0;12;139;18.45;0.66;-1.00;1.00;12;0;0;17.00;0
0;0;1623062811147;0;0;12;139;17.32;0.62;-1.00;1.00;12;0;0;18.00;0
0;0;1623062811147;0;0;14;139;17.96;0.65;-1.00;1.00;14;0;0;19.00;0
0;0;1623062811147;0;0;16;139;18.64;0.67;-1.00;1.00;16;0;0;20.00;0
0;0;1623062811147;0;0;16;139;17.48;0.63;-1.00;1.00;16;0;0;21.00;0
0;0;1623062811147;0;0;17;139;16.69;0.60;-1.00;1.00;17;0;0;22.00;0
0;0;1623062811147;0;1;18;139;16.42;0.59;-1.00;1.00;18;0;0;23.00;0
0;0;1623062811148;0;1;20;139;16.85;0.61;-1.00;1.00;20;0;0;24.00;0
1;0;1623062811148;1;1;21;139;16.36;0.59;24.00;1.00;20;0;0;25.00;0
2;0;1623062811148;2;1;22;139;15.43;0.56;23.50;1.00;20;0;0;26.00;0
2;0;1623062811148;2;3;22;139;14.64;0.53;23.50;1.00;20;0;0;27.00;0
2;0;1623062811148;2;3;22;139;14.11;0.51;23.50;1.00;20;0;0;28.00;0
2;0;1623062811149;2;4;22;139;13.78;0.50;23.50;1.00;20;0;0;29.00;0
3;0;1623062811149;3;5;22;139;12.72;0.46;22.00;1.00;19;0;0;30.00;0
4;0;1623062811149;4;5;22;139;11.52;0.41;21.25;1.00;18;0;0;31.00;0
4;0;1623062811149;4;3;22;139;11.36;0.41;21.25;1.00;18;0;0;32.00;0
5;0;1623062811149;5;5;23;139;11.98;0.43;21.20;1.00;18;0;0;33.00;0
5;0;1623062811149;5;5;23;139;12.44;0.45;21.20;1.00;18;0;0;34.00;0
5;0;1623062811149;5;5;24;139;13.13;0.47;21.20;0.96;19;0;0;35.00;0
6;0;1623062811150;6;4;24;139;13.04;0.47;20.83;0.96;18;0;0;36.00;0
6;0;1623062811150;6;5;26;139;13.97;0.50;20.83;0.96;20;0;0;37.00;0
6;0;1623062811150;6;5;28;139;15.00;0.54;20.83;0.96;22;0;0;38.00;0
6;0;1623062811150;6;5;28;139;14.74;0.53;20.83;0.96;22;0;0;39.00;0
6;0;1623062811150;6;5;29;139;15.07;0.54;20.83;0.97;23;0;0;40.00;0
6;0;1623062811151;6;5;29;139;14.97;0.54;20.83;0.97;23;0;0;41.00;0
6;0;1623062811151;6;5;29;139;14.97;0.54;20.83;0.97;23;0;0;42.00;0
6;0;1623062811151;6;5;30;139;14.89;0.54;20.83;0.97;24;0;0;43.00;0
7;0;1623062811151;7;5;30;139;13.47;0.48;23.43;0.97;23;0;0;44.00;0
9;0;1623062811151;9;7;31;139;12.31;0.44;24.22;0.97;22;0;0;45.00;0
11;0;1623062811152;11;7;31;139;9.86;0.36;24.55;0.97;20;0;0;46.00;0
11;0;1623062811152;11;4;32;139;10.27;0.37;24.55;0.97;21;0;0;47.00;0
11;0;1623062811152;11;3;33;139;10.64;0.38;24.55;0.97;22;0;0;48.00;0
12;0;1623062811152;12;3;33;139;9.72;0.35;23.83;0.97;21;0;0;49.00;0
12;0;1623062811152;12;2;36;139;12.29;0.44;23.83;0.97;24;0;0;50.00;0
12;0;1623062811153;12;1;36;139;12.34;0.44;23.83;0.97;24;0;0;51.00;0
12;0;1623062811153;12;3;37;139;12.46;0.45;23.83;0.97;25;0;0;52.00;0
12;0;1623062811153;12;5;37;139;12.13;0.44;23.83;0.97;25;0;0;53.00;0
12;0;1623062811153;12;5;38;139;12.44;0.45;23.83;0.97;26;0;0;54.00;0
12;0;1623062811154;12;7;39;139;12.88;0.46;23.83;0.97;27;0;0;55.00;0
12;0;1623062811154;12;7;43;139;14.76;0.53;23.83;0.98;31;0;0;56.00;0
12;0;1623062811154;12;5;44;139;15.00;0.54;23.83;0.98;32;0;0;57.00;0
13;0;1623062811154;13;4;44;139;14.42;0.52;23.54;0.98;31;0;0;58.00;0
15;0;1623062811154;15;2;45;139;13.65;0.49;26.27;0.98;30;0;0;59.00;0
16;0;1623062811155;16;3;48;139;14.03;0.51;27.00;0.98;32;0;0;60.00;0
17;0;1623062811155;17;3;48;139;13.17;0.47;27.53;0.98;31;0;0;61.00;0
18;0;1623062811155;18;5;48;139;12.02;0.43;28.11;0.98;30;0;0;62.00;0
18;0;1623062811155;18;8;48;139;11.46;0.41;28.11;0.98;30;0;0;63.00;0
18;0;1623062811156;18;10;49;139;11.25;0.40;28.11;0.98;31;0;0;64.00;0
18;0;1623062811156;18;5;50;139;11.33;0.41;28.11;0.98;32;0;0;65.00;0
20;0;1623062811156;20;5;51;139;10.68;0.38;29.65;0.98;31;0;0;66.00;0
20;0;1623062811156;20;6;53;139;11.69;0.42;29.65;0.98;33;0;0;67.00;0
20;0;1623062811157;20;7;53;139;11.97;0.43;29.65;0.98;33;0;0;68.00;0
21;0;1623062811157;21;9;53;139;11.58;0.42;30.62;0.98;32;0;0;69.00;0
21;0;1623062811157;21;9;53;139;11.90;0.43;30.62;0.98;32;0;0;70.00;0
21;0;1623062811157;21;9;55;139;12.96;0.47;30.62;0.98;34;0;0;71.00;0
22;0;1623062811158;22;11;55;139;12.54;0.45;31.95;0.98;33;0;0;72.00;0
23;0;1623062811158;23;10;56;139;12.56;0.45;32.22;0.98;33;0;0;73.00;0
23;0;1623062811158;23;10;57;139;12.81;0.46;32.22;0.98;34;0;0;74.00;0
23;0;1623062811158;23;9;58;139;13.41;0.48;32.22;0.98;35;0;0;75.00;0
24;0;1623062811159;24;10;58;139;13.15;0.47;31.96;0.98;34;0;0;76.00;0
25;0;1623062811159;25;10;60;139;13.24;0.48;31.76;0.98;35;0;0;77.00;0
26;0;1623062811159;26;11;62;139;13.16;0.47;31.62;0.98;36;0;0;78.00;0
28;0;1623062811159;28;8;62;139;12.10;0.44;31.68;0.98;34;0;0;79.00;0
28;0;1623062811160;28;6;62;139;11.69;0.42;31.68;0.98;34;0;0;80.00;0
29;0;1623062811160;29;4;63;139;11.22;0.40;31.31;0.98;34;0;0;81.00;0
30;0;1623062811160;30;4;64;139;10.88;0.39;30.77;0.98;34;0;0;82.00;0
31;0;1623062811161;31;3;64;139;10.12;0.36;31.81;0.98;33;0;0;83.00;0
31;0;1623062811161;31;3;64;139;10.01;0.36;31.81;0.98;33;0;0;84.00;0
31;0;1623062811161;31;8;64;139;9.72;0.35;31.81;0.98;33;0;0;85.00;0
31;0;1623062811161;31;8;64;139;9.79;0.35;31.81;0.98;33;0;0;86.00;0
31;0;1623062811162;31;8;64;139;10.05;0.36;31.81;0.98;33;0;0;87.00;0
31;0;1623062811162;31;7;64;139;10.12;0.36;31.81;0.98;33;0;0;88.00;0
31;0;1623062811162;31;8;65;139;10.82;0.39;31.81;0.98;34;0;0;89.00;0
32;0;1623062811162;32;9;65;139;10.66;0.38;32.00;0.98;33;0;0;90.00;0
33;0;1623062811163;33;9;65;139;10.39;0.37;32.42;0.98;32;0;0;91.00;0
34;0;1623062811163;34;9;65;139;9.91;0.36;33.47;0.98;31;0;0;92.00;0
35;0;1623062811163;35;6;66;139;9.92;0.36;33.46;0.98;31;0;0;93.00;0
35;0;1623062811164;35;6;66;139;10.26;0.37;33.46;0.98;31;0;0;94.00;0
36;0;1623062811164;36;7;68;139;10.85;0.39;33.50;0.99;32;0;0;95.00;0
36;0;1623062811164;36;8;69;139;11.71;0.42;33.50;0.99;33;0;0;96.00;0
36;0;1623062811164;36;8;69;139;12.26;0.44;33.50;0.99;33;0;0;97.00;0
36;0;1623062811164;36;6;69;139;12.48;0.45;33.50;0.99;33;0;0;98.00;0
37;0;1623062811165;37;5;69;139;12.08;0.43;34.27;0.99;32;0;0;99.00;0
37;0;1623062811165;37;4;69;139;12.20;0.44;34.27;0.99;32;0;0;100.00;0
38;0;1623062811165;38;4;70;139;12.56;0.45;34.97;0.99;32;0;0;101.00;0
39;0;1623062811165;39;5;72;139;12.69;0.46;35.59;0.99;33;0;0;102.00;0
40;0;1623062811166;40;5;72;139;12.19;0.44;35.88;0.99;32;0;0;103.00;0
40;0;1623062811166;40;6;73;139;12.54;0.45;35.88;0.99;33;0;0;104.00;1
41;0;1623062811166;41;10;75;139;13.11;0.47;35.98;1.00;34;0;0;105.00;0
42;0;1623062811166;42;13;77;139;13.53;0.49;36.36;1.00;35;0;0;106.00;0
42;0;1623062811167;42;14;78;139;13.84;0.50;36.36;1.00;36;0;0;107.00;0
42;0;1623062811167;42;13;79;139;14.34;0.52;36.36;1.00;37;0;0;108.00;0
44;0;1623062811167;44;12;83;139;14.85;0.53;37.14;1.00;39;0;0;109.00;0
45;0;1623062811167;45;11;83;139;14.31;0.52;36.64;1.00;38;0;0;110.00;0
47;0;1623062811168;47;12;84;139;13.89;0.50;37.40;1.00;37;0;0;111.00;0
49;0;1623062811168;49;9;84;139;13.04;0.47;37.73;1.00;35;0;0;112.00;0
50;0;1623062811168;50;6;85;139;12.92;0.46;37.46;1.00;35;0;0;113.00;0
52;0;1623062811168;52;4;86;139;12.03;0.43;37.10;1.00;34;0;0;114.00;0
53;0;1623062811169;53;4;87;139;11.61;0.42;36.81;1.00;34;0;0;115.00;0
53;0;1623062811169;53;4;87;139;11.48;0.41;36.81;1.00;34;0;0;116.00;0
54;0;1623062811169;54;5;88;139;11.61;0.42;36.93;1.00;34;0;0;117.00;0
54;0;1623062811169;54;5;88;139;11.62;0.42;36.93;1.00;34;0;0;118.00;0
54;0;1623062811170;54;4;88;139;11.61;0.42;36.93;1.00;34;0;0;119.00;0
54;0;1623062811170;54;3;88;139;11.82;0.43;36.93;1.00;34;0;0;120.00;0
55;0;1623062811170;55;4;89;139;12.38;0.45;37.44;1.00;34;0;0;121.00;0
55;0;1623062811170;55;5;90;139;13.24;0.48;37.44;1.00;35;0;0;122.00;1
55;0;1623062811171;55;5;91;139;14.04;0.51;37.44;1.01;36;0;0;123.00;0
56;0;1623062811171;56;8;91;139;13.92;0.50;37.79;1.01;35;0;0;124.00;0
57;0;1623062811171;57;8;91;139;13.35;0.48;38.04;1.01;34;0;0;125.00;0
57;0;1623062811172;57;8;91;139;13.18;0.47;38.04;1.01;34;0;0;126.00;0
58;0;1623062811172;58;8;91;139;12.57;0.45;38.60;1.01;33;0;0;127.00;0
58;0;1623062811172;58;9;92;139;12.74;0.46;38.60;1.01;34;0;0;128.00;0
58;0;1623062811172;58;12;93;139;12.93;0.47;38.60;1.01;35;0;0;129.00;1
60;0;1623062811173;60;8;94;139;12.74;0.46;39.15;1.02;34;0;0;130.00;0
61;0;1623062811173;61;6;94;139;12.97;0.47;39.39;1.02;33;0;0;131.00;0
61;0;1623062811173;61;6;94;139;13.16;0.47;39.39;1.02;33;0;0;132.00;0
62;0;1623062811173;62;5;94;139;12.68;0.46;39.16;1.02;32;0;0;133.00;0
63;0;1623062811173;63;6;94;139;12.30;0.44;39.37;1.02;31;0;0;134.00;0
63;0;1623062811174;63;6;95;139;13.25;0.48;39.37;1.02;32;0;0;135.00;0
64;0;1623062811174;64;7;97;139;14.12;0.51;39.95;1.02;33;0;0;136.00;0
65;0;1623062811174;65;7;100;139;15.13;0.54;40.20;1.02;35;0;0;137.00;0
65;0;1623062811174;65;7;101;139;16.04;0.58;40.20;1.02;36;0;0;138.00;0
65;0;1623062811174;65;7;102;139;16.59;0.60;40.20;1.02;37;0;0;139.00;0
66;0;1623062811175;66;8;102;139;15.84;0.57;40.53;1.02;36;0;0;140.00;0
68;0;1623062811175;68;8;102;139;14.89;0.54;40.94;1.02;34;0;0;141.00;0
69;0;1623062811175;69;8;103;139;14.49;0.52;40.86;1.02;34;0;0;142.00;0
72;0;1623062811175;72;9;103;139;12.58;0.45;41.35;1.02;31;0;0;143.00;0
73;0;1623062811176;73;9;103;139;11.30;0.41;41.26;1.02;30;0;0;144.00;0
74;0;1623062811176;74;8;103;139;10.41;0.37;41.11;1.02;29;0;0;145.00;0
77;0;1623062811176;77;7;104;139;9.16;0.33;40.96;1.02;27;0;0;146.00;0
77;0;1623062811176;77;8;106;139;10.22;0.37;40.96;1.02;29;0;0;147.00;0
78;0;1623062811177;78;8;106;139;9.79;0.35;40.78;1.02;28;0;0;148.00;0
78;0;1623062811177;78;8;106;139;9.37;0.34;40.78;1.02;28;0;0;149.00;0
78;0;1623062811177;78;7;106;139;8.93;0.32;40.78;1.02;28;0;0;150.00;0
79;0;1623062811177;79;8;108;139;9.24;0.33;41.34;1.02;29;0;0;151.00;0
79;0;1623062811177;79;9;109;139;9.69;0.35;41.34;1.02;30;0;0;152.00;0
79;0;1623062811178;79;9;109;139;9.89;0.36;41.34;1.02;30;0;0;153.00;0
79;0;1623062811178;79;10;111;139;10.84;0.39;41.34;1.02;32;0;0;154.00;0
79;0;1623062811178;79;11;113;139;11.57;0.42;41.34;1.02;34;0;0;155.00;0
80;0;1623062811178;80;10;113;139;11.00;0.40;41.08;1.02;33;0;0;156.00;0
80;0;1623062811179;80;9;113;139;10.76;0.39;41.08;1.02;33;0;0;157.00;0
80;0;1623062811179;80;9;113;139;10.49;0.38;41.08;1.02;33;0;0;158.00;0
81;0;1623062811179;81;8;114;139;10.37;0.37;41.19;1.02;33;0;0;159.00;0
82;0;1623062811179;82;8;115;139;10.22;0.37;41.21;1.02;33;0;0;160.00;0
82;0;1623062811180;82;9;115;139;10.11;0.36;41.21;1.02;33;0;0;161.00;0
82;0;1623062811180;82;10;115;139;9.77;0.35;41.21;1.02;33;0;0;162.00;0
83;0;1623062811180;83;7;116;139;9.98;0.36;41.53;1.02;33;0;0;163.00;0
84;0;1623062811181;84;6;117;139;10.62;0.38;41.45;1.02;33;0;0;164.00;0
85;0;1623062811181;85;7;117;139;10.39;0.37;41.58;1.02;32;0;0;165.00;0
85;0;1623062811181;85;9;117;139;10.40;0.37;41.58;1.02;32;0;0;166.00;0
85;0;1623062811181;85;7;117;139;10.33;0.37;41.58;1.02;32;0;0;167.00;0
86;0;1623062811182;86;10;118;139;10.54;0.38;41.35;1.02;32;0;0;168.00;0
87;0;1623062811182;87;10;121;139;11.94;0.43;41.08;1.02;34;0;0;169.00;0
87;0;1623062811182;87;12;123;139;12.74;0.46;41.08;1.02;36;0;0;170.00;0
88;0;1623062811182;88;11;123;139;12.21;0.44;41.40;1.02;35;0;0;171.00;0
89;0;1623062811182;89;10;124;139;11.92;0.43;42.07;1.02;35;0;0;172.00;0
89;0;1623062811183;89;10;125;139;12.59;0.45;42.07;1.02;36;0;0;173.00;0
89;0;1623062811183;89;10;125;139;12.15;0.44;42.07;1.02;36;0;0;174.00;0
91;0;1623062811183;91;12;126;139;11.39;0.41;41.88;1.02;35;0;0;175.00;0
92;0;1623062811183;92;13;126;139;10.27;0.37;41.85;1.02;34;0;0;176.00;0
92;0;1623062811184;92;9;126;139;9.94;0.36;41.85;1.02;34;0;0;177.00;0
92;0;1623062811184;92;7;126;139;9.58;0.34;41.85;1.02;34;0;0;178.00;0
92;0;1623062811184;92;6;126;139;9.57;0.34;41.85;1.02;34;0;0;179.00;0
93;0;1623062811185;93;5;129;139;10.80;0.39;41.85;1.02;36;0;0;180.00;0
93;0;1623062811185;93;5;130;139;11.56;0.42;41.85;1.02;37;0;0;181.00;0
93;0;1623062811185;93;6;131;139;12.10;0.44;41.85;1.02;38;0;0;182.00;0
94;0;1623062811185;94;7;132;139;12.32;0.44;41.99;1.02;38;0;0;183.00;0
96;0;1623062811186;96;9;133;139;11.91;0.43;42.42;1.02;37;0;0;184.00;0
96;0;1623062811186;96;9;133;139;11.29;0.41;42.42;1.02;37;0;0;185.00;0
96;0;1623062811186;96;9;134;139;11.29;0.41;42.42;1.01;38;0;0;186.00;0
96;0;1623062811186;96;11;136;139;11.79;0.42;42.42;1.01;40;0;0;187.00;0
96;0;1623062811187;96;11;137;139;12.10;0.44;42.42;1.01;41;0;0;188.00;0
97;0;1623062811187;97;13;137;139;11.62;0.42;42.59;1.01;40;0;0;189.00;0
98;0;1623062811187;98;13;137;139;10.86;0.39;42.59;1.01;39;0;0;190.00;0
98;0;1623062811188;98;14;137;139;10.63;0.38;42.59;1.01;39;0;0;191.00;0
99;0;1623062811188;99;16;137;139;10.11;0.36;42.54;1.01;38;0;0;192.00;0
99;0;1623062811188;99;15;137;139;10.06;0.36;42.54;1.01;38;0;0;193.00;0
100;0;1623062811188;100;14;137;139;9.56;0.34;42.70;1.01;37;0;0;194.00;0
102;0;1623062811189;102;14;137;139;8.68;0.31;42.74;1.01;35;0;0;195.00;0
102;0;1623062811189;102;12;137;139;9.27;0.33;42.74;1.01;35;0;0;196.00;0
103;0;1623062811189;103;9;137;139;9.49;0.34;42.58;1.01;34;0;0;197.00;0
104;0;1623062811189;104;7;137;139;9.55;0.34;42.71;1.01;33;0;0;198.00;0
104;0;1623062811190;104;6;137;139;10.04;0.36;42.71;1.01;33;0;0;199.00;0
104;0;1623062811190;104;5;137;139;10.67;0.38;42.71;1.01;33;0;0;200.00;0
105;0;1623062811190;105;6;138;139;11.36;0.41;42.67;1.01;33;0;0;201.00;0
105;0;1623062811190;105;8;138;139;11.86;0.43;42.67;1.01;33;0;0;202.00;0
105;0;1623062811190;105;8;139;294;12.47;0.45;42.67;1.01;34;0;0;203.00;0
106;0;1623062811197;106;9;139;294;12.07;0.43;42.68;1.01;33;0;0;204.00;0
106;0;1623062811197;106;10;140;294;12.45;0.45;42.68;1.01;34;0;0;205.00;0
108;0;1623062811197;108;11;140;294;11.74;0.42;43.31;1.01;32;0;0;206.00;0
109;0;1623062811198;109;11;140;294;11.40;0.41;43.39;1.01;31;0;0;207.00;0
111;0;1623062811198;111;12;141;294;11.00;0.40;43.89;1.01;30;0;0;208.00;0
114;0;1623062811198;114;14;142;294;9.97;0.36;43.71;1.01;28;0;0;209.00;0
116;0;1623062811198;116;10;142;294;9.13;0.33;43.81;1.01;26;0;0;210.00;0
117;0;1623062811198;117;9;142;294;8.57;0.31;43.69;1.01;25;0;0;211.00;0
117;0;1623062811199;117;10;145;294;10.45;0.38;43.69;1.01;28;0;0;212.00;0
118;0;1623062811199;118;9;146;294;10.47;0.38;43.66;1.01;28;0;0;213.00;0
118;0;1623062811199;118;6;147;294;11.31;0.41;43.66;1.01;29;0;0;214.00;0
119;0;1623062811199;119;4;148;294;11.17;0.40;43.56;1.01;29;0;0;215.00;0
120;0;1623062811200;120;2;148;294;10.90;0.39;43.50;1.01;28;0;0;216.00;0
120;0;1623062811200;120;1;148;294;11.14;0.40;43.50;1.01;28;0;0;217.00;0
120;0;1623062811200;120;0;150;294;12.46;0.45;43.50;1.01;30;0;0;218.00;0
120;0;1623062811200;120;1;151;294;12.94;0.47;43.50;1.01;31;0;0;219.00;0
120;0;1623062811201;120;0;153;294;14.23;0.51;43.50;1.01;33;0;0;220.00;0
120;0;1623062811201;120;0;155;294;15.47;0.56;43.50;1.01;35;0;0;221.00;0
122;0;1623062811201;122;1;155;294;14.95;0.54;43.65;1.01;33;0;0;222.00;0
123;0;1623062811201;123;2;156;294;15.17;0.55;43.59;1.01;33;0;0;223.00;0
125;0;1623062811202;125;4;157;294;14.56;0.52;44.07;1.01;32;0;0;224.00;0
125;0;1623062811202;125;4;159;294;14.78;0.53;44.07;1.01;34;0;0;225.00;0
126;0;1623062811202;126;7;159;294;14.13;0.51;44.17;1.01;33;0;0;226.00;0
127;0;1623062811202;127;8;159;294;13.06;0.47;44.20;1.01;32;0;0;227.00;0
129;0;1623062811203;129;7;161;294;13.02;0.47;44.42;1.01;32;0;0;228.00;0
130;0;1623062811203;130;7;162;294;12.83;0.46;44.24;1.01;32;0;0;229.00;0
130;0;1623062811203;130;9;163;294;12.43;0.45;44.24;1.01;33;0;0;230.00;0
130;0;1623062811203;130;9;163;294;12.08;0.43;44.24;1.01;33;0;0;231.00;0
130;0;1623062811204;130;9;164;294;12.90;0.46;44.24;1.01;34;0;0;232.00;0
131;0;1623062811204;131;9;166;294;13.53;0.49;44.13;1.01;35;0;0;233.00;0
131;0;1623062811204;131;9;167;294;14.20;0.51;44.13;1.01;36;0;0;234.00;0
131;0;1623062811204;131;9;169;294;14.85;0.53;44.13;1.01;38;0;0;235.00;0
131;0;1623062811204;131;9;170;294;15.38;0.55;44.13;1.01;39;0;0;236.00;0
132;0;1623062811205;132;9;171;294;15.09;0.54;43.92;1.01;39;0;0;237.00;0
132;0;1623062811205;132;9;171;294;14.52;0.52;43.92;1.01;39;0;0;238.00;0
132;0;1623062811205;132;9;172;294;14.33;0.52;43.92;1.01;40;0;0;239.00;0
134;0;1623062811206;134;10;174;294;14.01;0.50;44.34;1.01;40;0;0;240.00;0
134;0;1623062811206;134;11;175;294;13.90;0.50;44.34;1.01;41;0;0;241.00;0
134;0;1623062811206;134;11;176;294;13.75;0.49;44.34;1.01;42;0;0;242.00;0
135;0;1623062811206;135;8;176;294;13.39;0.48;44.19;1.01;41;0;0;243.00;0
137;0;1623062811207;137;7;178;294;13.49;0.49;44.09;1.01;41;0;0;244.00;0
138;0;1623062811207;138;6;180;294;13.61;0.49;44.09;1.01;42;0;0;245.00;0
139;0;1623062811207;139;6;180;294;12.97;0.47;44.01;1.01;41;0;0;246.00;0
141;0;1623062811207;141;8;181;294;11.92;0.43;44.44;1.01;40;0;0;247.00;0
141;0;1623062811208;141;8;182;294;11.55;0.42;44.44;1.01;41;0;0;248.00;0
142;0;1623062811208;142;8;183;294;11.52;0.41;44.25;1.01;41;0;0;249.00;0
142;0;1623062811208;142;8;183;294;11.04;0.40;44.25;1.01;41;0;0;250.00;0
143;0;1623062811209;143;7;183;294;10.33;0.37;44.10;1.01;40;0;0;251.00;0
143;0;1623062811209;143;7;183;294;10.40;0.37;44.10;1.01;40;0;0;252.00;0
144;0;1623062811209;144;7;185;294;11.11;0.40;44.08;1.01;41;0;0;253.00;0
145;0;1623062811210;145;7;185;294;10.82;0.39;44.02;1.01;40;0;0;254.00;0
146;0;1623062811210;146;8;186;294;10.73;0.39;43.92;1.01;40;0;0;255.00;0
147;0;1623062811210;147;10;186;294;10.25;0.37;43.86;1.01;39;0;0;256.00;0
148;0;1623062811211;148;13;186;294;9.98;0.36;44.38;1.01;38;0;0;257.00;0
149;0;1623062811211;149;12;187;294;10.42;0.38;44.20;1.01;38;0;0;258.00;0
150;0;1623062811211;150;13;187;294;9.98;0.36;44.17;1.01;37;0;0;259.00;0
151;0;1623062811211;151;13;188;294;10.34;0.37;44.15;1.01;37;0;0;260.00;0
152;0;1623062811211;152;11;189;294;10.47;0.38;44.18;1.01;37;0;0;261.00;0
153;0;1623062811212;153;10;189;294;10.04;0.36;44.50;1.01;36;0;0;262.00;0
154;0;1623062811212;154;9;191;294;10.33;0.37;44.48;1.01;37;0;0;263.00;0
156;0;1623062811212;156;8;192;294;9.63;0.35;44.75;1.01;36;0;0;264.00;0
156;0;1623062811213;156;11;193;294;10.01;0.36;44.75;1.01;37;0;0;265.00;0
157;0;1623062811213;157;14;194;294;10.05;0.36;44.70;1.01;37;0;0;266.00;0
158;0;1623062811213;158;15;195;294;9.74;0.35;44.63;1.01;37;0;0;267.00;0
158;0;1623062811213;158;15;195;294;9.67;0.35;44.63;1.01;37;0;0;268.00;0
158;0;1623062811214;158;18;195;294;9.51;0.34;44.63;1.01;37;0;0;269.00;0
158;0;1623062811214;158;17;196;294;9.89;0.36;44.63;1.01;38;0;0;270.00;0
159;0;1623062811214;159;17;196;294;9.27;0.33;44.58;1.01;37;0;0;271.00;0
159;0;1623062811214;159;16;197;294;9.84;0.35;44.58;1.01;38;0;0;272.00;0
161;0;1623062811215;161;15;198;294;9.43;0.34;44.37;1.01;37;0;0;273.00;0
162;0;1623062811215;162;16;198;294;9.05;0.33;44.32;1.01;36;0;0;274.00;0
163;0;1623062811215;163;13;198;294;8.62;0.31;44.15;1.01;35;0;0;275.00;0
164;0;1623062811215;164;10;200;294;9.01;0.32;44.07;1.00;36;0;0;276.00;0
164;0;1623062811216;164;8;200;294;9.23;0.33;44.07;1.00;36;0;0;277.00;0
166;0;1623062811216;166;7;200;294;8.46;0.30;44.46;1.00;34;0;0;278.00;0
166;0;1623062811216;166;7;203;294;9.69;0.35;44.46;1.00;37;0;0;279.00;0
166;0;1623062811216;166;9;203;294;9.77;0.35;44.46;1.00;37;0;0;280.00;0
167;0;1623062811217;167;8;205;294;10.38;0.37;44.46;1.00;38;0;0;281.00;0
167;0;1623062811217;167;9;205;294;10.29;0.37;44.46;1.00;38;0;0;282.00;0
167;0;1623062811217;167;8;206;294;10.50;0.38;44.46;1.00;39;0;0;283.00;0
168;0;1623062811218;168;10;207;294;10.04;0.36;44.38;1.00;39;0;0;284.00;0
168;0;1623062811218;168;12;208;294;10.10;0.36;44.38;1.00;40;0;0;285.00;0
168;0;1623062811218;168;12;208;294;9.52;0.34;44.38;1.00;40;0;0;286.00;0
169;0;1623062811218;169;12;208;294;8.67;0.31;44.56;1.00;39;0;0;287.00;0
169;0;1623062811219;169;13;209;294;8.98;0.32;44.56;1.00;40;0;0;288.00;0
169;0;1623062811219;169;15;209;294;9.07;0.33;44.56;1.00;40;0;0;289.00;0
170;0;1623062811219;170;17;209;294;8.71;0.31;44.56;1.00;39;0;0;290.00;0
171;0;1623062811219;171;16;210;294;8.80;0.32;44.52;1.00;39;0;0;291.00;0
172;0;1623062811220;172;16;210;294;8.35;0.30;44.57;1.00;38;0;0;292.00;0
172;0;1623062811220;172;17;212;294;9.16;0.33;44.57;1.00;40;0;0;293.00;0
172;0;1623062811220;172;13;212;294;9.42;0.34;44.57;1.00;40;0;0;294.00;0
172;0;1623062811220;172;11;213;294;10.05;0.36;44.57;1.00;41;0;0;295.00;0
172;0;1623062811221;172;11;213;294;10.18;0.37;44.57;1.00;41;0;0;296.00;0
172;0;1623062811221;172;10;213;294;9.95;0.36;44.57;1.00;41;0;0;297.00;0
172;0;1623062811221;172;9;213;294;9.81;0.35;44.57;1.00;41;0;0;298.00;0
174;0;1623062811221;174;11;215;294;9.82;0.35;44.49;1.00;41;0;0;299.00;0
174;0;1623062811222;174;12;215;294;9.84;0.35;44.49;1.00;41;0;0;300.00;0
174;0;1623062811222;174;13;215;294;9.61;0.35;44.49;1.00;41;0;0;301.00;0
175;0;1623062811222;175;14;216;294;9.90;0.36;44.63;1.00;41;0;0;302.00;0
176;0;1623062811222;176;16;219;294;10.80;0.39;44.77;1.00;43;0;0;303.00;0
177;0;1623062811223;177;16;219;294;10.58;0.38;44.87;1.00;42;0;0;304.00;0
177;0;1623062811223;177;17;219;294;10.33;0.37;44.87;1.00;42;0;0;305.00;0
178;0;1623062811223;178;17;220;294;10.04;0.36;44.75;1.00;42;0;0;306.00;0
181;0;1623062811224;181;19;224;294;10.18;0.37;44.66;1.00;43;0;0;307.00;0
182;0;1623062811224;182;16;225;294;9.92;0.36;44.61;1.00;43;0;0;308.00;0
182;0;1623062811224;182;15;225;294;9.42;0.34;44.61;1.00;43;0;0;309.00;0
184;0;1623062811224;184;14;226;294;8.76;0.32;44.65;1.00;42;0;0;310.00;0
185;0;1623062811225;185;14;227;294;8.71;0.31;44.62;1.00;42;0;0;311.00;0
186;0;1623062811225;186;13;227;294;8.03;0.29;44.63;1.00;41;0;0;312.00;0
186;0;1623062811225;186;10;228;294;8.16;0.29;44.63;1.00;42;0;0;313.00;0
187;0;1623062811226;187;9;228;294;7.84;0.28;44.60;1.00;41;0;0;314.00;0
187;0;1623062811226;187;10;230;294;8.61;0.31;44.60;1.00;43;0;0;315.00;0
187;0;1623062811226;187;9;231;294;8.92;0.32;44.60;1.00;44;0;0;316.00;0
188;0;1623062811227;188;11;231;294;8.37;0.30;45.07;1.00;43;0;0;317.00;0
188;0;1623062811227;188;9;231;294;8.41;0.30;45.07;1.00;43;0;0;318.00;0
189;0;1623062811227;189;7;233;294;9.04;0.33;45.12;1.00;44;0;0;319.00;0
189;0;1623062811227;189;11;234;294;9.73;0.35;45.12;1.00;45;0;0;320.00;0
190;0;1623062811228;190;12;235;294;9.73;0.35;45.15;1.00;45;0;0;321.00;0
190;0;1623062811228;190;11;235;294;9.81;0.35;45.15;1.00;45;0;0;322.00;0
191;0;1623062811228;191;10;236;294;9.68;0.35;45.09;1.00;45;0;0;323.00;0
191;0;1623062811229;191;12;236;294;9.27;0.33;45.09;1.00;45;0;0;324.00;0
191;0;1623062811229;191;12;236;294;8.90;0.32;45.09;1.00;45;0;0;325.00;0
192;0;1623062811229;192;9;237;294;8.68;0.31;45.33;1.00;45;0;0;326.00;0
193;0;1623062811229;193;10;238;294;8.70;0.31;45.20;1.00;45;0;0;327.00;0
193;0;1623062811230;193;11;239;294;9.05;0.33;45.20;1.00;46;0;0;328.00;0
196;0;1623062811230;196;12;240;294;8.52;0.31;45.12;1.00;44;0;0;329.00;0
198;0;1623062811230;198;14;242;294;8.59;0.31;45.36;1.00;44;0;0;330.00;0
199;0;1623062811231;199;13;242;294;8.35;0.30;45.55;1.00;43;0;0;331.00;0
199;0;1623062811231;199;15;242;294;8.35;0.30;45.55;1.00;43;0;0;332.00;0
199;0;1623062811231;199;16;243;294;8.63;0.31;45.55;1.00;44;0;0;333.00;0
200;0;1623062811231;200;18;243;294;8.18;0.29;45.87;1.00;43;0;0;334.00;0
200;0;1623062811232;200;19;243;294;8.33;0.30;45.87;1.00;43;0;0;335.00;0
200;0;1623062811232;200;19;244;294;8.79;0.32;45.87;1.00;44;0;0;336.00;0
202;0;1623062811232;202;20;244;294;8.05;0.29;46.71;1.00;42;0;0;337.00;0
203;0;1623062811232;203;21;246;294;8.55;0.31;46.66;1.00;43;0;0;338.00;0
205;0;1623062811233;205;22;247;294;8.24;0.30;46.53;1.00;42;0;0;339.00;0
208;0;1623062811233;208;24;247;294;6.93;0.25;46.25;1.00;39;0;0;340.00;0
208;0;1623062811233;208;21;249;294;7.71;0.28;46.25;1.00;41;0;0;341.00;0
209;0;1623062811233;209;19;250;294;8.09;0.29;46.16;1.00;41;0;0;342.00;0
210;0;1623062811234;210;17;252;294;8.33;0.30;46.00;1.00;42;0;0;343.00;0
210;0;1623062811234;210;15;252;294;8.12;0.29;46.00;1.00;42;0;0;344.00;0
211;0;1623062811234;211;13;253;294;8.04;0.29;46.02;1.00;42;0;0;345.00;0
211;0;1623062811235;211;12;253;294;7.95;0.29;46.02;1.00;42;0;0;346.00;0
211;0;1623062811235;211;9;253;294;8.12;0.29;46.02;1.00;42;0;0;347.00;0
211;0;1623062811235;211;9;253;294;8.36;0.30;46.02;1.00;42;0;0;348.00;0
211;0;1623062811236;211;9;253;294;8.55;0.31;46.02;1.00;42;0;0;349.00;0
211;0;1623062811236;211;5;254;294;9.17;0.33;46.02;1.00;43;0;0;350.00;0
211;0;1623062811236;211;6;255;294;9.88;0.36;46.02;1.00;44;0;0;351.00;0
212;0;1623062811236;212;5;255;294;9.70;0.35;46.00;1.00;43;0;0;352.00;0
213;0;1623062811237;213;4;256;294;10.13;0.36;45.87;1.00;43;0;0;353.00;0
213;0;1623062811237;213;4;257;294;10.73;0.39;45.87;1.00;44;0;0;354.00;0
214;0;1623062811237;214;4;257;294;10.58;0.38;45.88;1.00;43;0;0;355.00;0
215;0;1623062811237;215;6;257;294;10.39;0.37;45.88;1.00;42;0;0;356.00;0
216;0;1623062811238;216;6;257;294;10.10;0.36;46.27;1.00;41;0;0;357.00;0
217;0;1623062811238;217;6;258;294;9.72;0.35;46.24;1.00;41;0;0;358.00;0
218;0;1623062811238;218;3;258;294;9.24;0.33;46.22;1.00;40;0;0;359.00;0
219;0;1623062811239;219;7;259;294;9.29;0.33;46.36;1.00;40;0;0;360.00;0
219;0;1623062811239;219;8;260;294;9.47;0.34;46.36;1.00;41;0;0;361.00;0
221;0;1623062811239;221;10;262;294;9.13;0.33;46.56;1.00;41;0;0;362.00;0
222;0;1623062811239;222;11;263;294;8.84;0.32;46.73;1.00;41;0;0;363.00;0
223;0;1623062811240;223;11;265;294;8.86;0.32;46.81;1.00;42;0;0;364.00;0
223;0;1623062811240;223;14;265;294;8.99;0.32;46.81;1.00;42;0;0;365.00;0
223;0;1623062811240;223;14;265;294;9.13;0.33;46.81;1.00;42;0;0;366.00;0
223;0;1623062811240;223;14;265;294;8.95;0.32;46.81;1.00;42;0;0;367.00;0
224;0;1623062811241;224;14;265;294;8.56;0.31;46.89;1.00;41;0;0;368.00;0
224;0;1623062811241;224;14;267;294;8.87;0.32;46.89;1.00;43;0;0;369.00;0
224;0;1623062811241;224;15;267;294;8.79;0.32;46.89;1.00;43;0;0;370.00;0
224;0;1623062811241;224;15;268;294;9.09;0.33;46.89;1.00;44;0;0;371.00;0
227;0;1623062811242;227;15;269;294;8.53;0.31;47.17;1.00;42;0;0;372.00;0
227;0;1623062811242;227;16;269;294;8.53;0.31;47.17;1.00;42;0;0;373.00;0
228;0;1623062811242;228;15;270;294;9.02;0.32;47.12;1.00;42;0;0;374.00;0
230;0;1623062811242;230;13;271;294;8.54;0.31;47.13;1.00;41;0;0;375.00;0
230;0;1623062811243;230;12;271;294;8.73;0.31;47.13;1.00;41;0;0;376.00;0
231;0;1623062811243;231;11;271;294;8.33;0.30;47.23;1.00;40;0;0;377.00;0
232;0;1623062811243;232;10;271;294;7.95;0.29;47.31;1.00;39;0;0;378.00;0
232;0;1623062811243;232;9;272;294;8.41;0.30;47.31;1.00;40;0;0;379.00;0
232;0;1623062811244;232;7;273;294;8.94;0.32;47.31;1.00;41;0;0;380.00;0
233;0;1623062811244;233;6;273;294;8.71;0.31;47.19;1.00;40;0;0;381.00;0
233;0;1623062811244;233;4;275;294;9.86;0.35;47.19;1.00;42;0;0;382.00;0
234;0;1623062811245;234;5;277;294;10.54;0.38;47.60;1.00;43;0;0;383.00;0
234;0;1623062811245;234;5;278;294;11.36;0.41;47.60;1.00;44;0;0;384.00;0
234;0;1623062811245;234;5;278;294;11.66;0.42;47.60;1.00;44;0;0;385.00;0
235;0;1623062811246;235;3;278;294;11.24;0.40;47.68;1.00;43;0;0;386.00;0
236;0;1623062811246;236;2;279;294;11.19;0.40;47.81;1.00;43;0;0;387.00;0
237;0;1623062811246;237;1;279;294;10.80;0.39;47.80;1.00;42;0;0;388.00;0
238;0;1623062811246;238;4;279;294;10.17;0.37;47.86;1.00;41;0;0;389.00;0
239;0;1623062811247;239;6;280;294;9.65;0.35;47.87;1.00;41;0;0;390.00;0
240;0;1623062811247;240;8;281;294;9.43;0.34;47.88;1.00;41;0;0;391.00;0
243;0;1623062811247;243;8;282;294;8.63;0.31;47.78;1.00;39;0;0;392.00;0
243;0;1623062811247;243;10;282;294;8.32;0.30;47.78;1.00;39;0;0;393.00;0
243;0;1623062811248;243;13;282;294;8.03;0.29;47.78;1.00;39;0;0;394.00;0
243;0;1623062811248;243;15;282;294;7.75;0.28;47.78;1.00;39;0;0;395.00;0
243;0;1623062811248;243;17;285;294;8.55;0.31;47.78;1.00;42;0;0;396.00;0
244;0;1623062811248;244;18;286;294;8.26;0.30;47.97;1.00;42;0;0;397.00;0
244;0;1623062811249;244;21;289;294;8.98;0.32;47.97;1.00;45;0;0;398.00;0
245;0;1623062811249;245;21;289;294;8.29;0.30;48.31;1.00;44;0;0;399.00;0
245;0;1623062811249;245;22;290;294;8.41;0.30;48.31;1.00;45;0;0;400.00;0
245;0;1623062811249;245;21;292;294;9.02;0.32;48.31;1.00;47;0;0;401.00;0
245;0;1623062811250;245;20;293;294;9.53;0.34;48.31;1.00;48;0;0;402.00;0
245;0;1623062811250;245;22;293;294;9.47;0.34;48.31;1.00;48;0;0;403.00;0
246;0;1623062811250;246;23;293;294;9.04;0.33;48.21;1.00;47;0;0;404.00;0
248;0;1623062811250;248;24;294;441;8.74;0.31;48.56;1.00;46;0;0;405.00;0
248;0;1623062811256;248;23;294;441;8.67;0.31;48.56;1.00;46;0;0;406.00;0
248;0;1623062811257;248;21;295;441;8.95;0.32;48.56;1.00;47;0;0;407.00;0
249;0;1623062811257;249;19;295;441;8.76;0.32;48.57;1.00;46;0;0;408.00;0
250;0;1623062811257;250;19;295;441;8.49;0.31;48.96;1.00;45;0;0;409.00;0
253;0;1623062811258;253;18;296;441;7.94;0.29;48.91;1.00;43;0;0;410.00;0
255;0;1623062811258;255;15;298;441;7.99;0.29;48.96;1.00;43;0;0;411.00;0
256;0;1623062811258;256;13;300;441;8.69;0.31;48.96;1.00;44;0;0;412.00;0
257;0;1623062811259;257;14;301;441;8.78;0.32;49.27;1.00;44;0;0;413.00;0
257;0;1623062811259;257;14;302;441;9.01;0.32;49.27;1.00;45;0;0;414.00;0
257;0;1623062811259;257;13;303;441;9.19;0.33;49.27;1.00;46;0;0;415.00;0
257;0;1623062811260;257;14;303;441;8.95;0.32;49.27;1.00;46;0;0;416.00;0
257;0;1623062811260;257;12;305;441;9.47;0.34;49.27;1.00;48;0;0;417.00;0
258;0;1623062811260;258;12;306;441;9.46;0.34;49.44;1.00;48;0;0;418.00;0
259;0;1623062811261;259;12;307;441;9.26;0.33;49.34;1.00;48;0;0;419.00;0
259;0;1623062811261;259;12;308;441;9.32;0.34;49.34;1.00;49;0;0;420.00;0
259;0;1623062811261;259;13;308;441;9.13;0.33;49.34;1.00;49;0;0;421.00;0
260;0;1623062811262;260;14;309;441;8.92;0.32;49.51;1.00;49;0;0;422.00;0
260;0;1623062811262;260;12;311;441;9.23;0.33;49.51;1.00;51;0;0;423.00;0
260;0;1623062811262;260;10;313;441;9.68;0.35;49.51;1.00;53;0;0;424.00;0
261;0;1623062811262;261;10;314;441;9.46;0.34;49.45;1.00;53;0;0;425.00;0
263;0;1623062811263;263;8;315;441;8.76;0.32;49.40;1.00;52;0;0;426.00;0
263;0;1623062811263;263;12;315;441;8.32;0.30;49.40;1.00;52;0;0;427.00;0
263;0;1623062811263;263;14;316;441;8.59;0.31;49.40;1.00;53;0;0;428.00;0
264;0;1623062811264;264;16;317;441;8.14;0.29;49.59;1.00;53;0;0;429.00;0
265;0;1623062811264;265;18;319;441;8.02;0.29;49.60;1.00;54;0;0;430.00;0
265;0;1623062811264;265;22;319;441;7.70;0.28;49.60;1.00;54;0;0;431.00;0
266;0;1623062811265;266;25;320;441;7.71;0.28;49.59;1.00;54;0;0;432.00;0
266;0;1623062811265;266;26;320;441;7.75;0.28;49.59;1.00;54;0;0;433.00;0
266;0;1623062811265;266;26;321;441;7.72;0.28;49.59;1.00;55;0;0;434.00;0
266;0;1623062811266;266;28;321;441;7.65;0.28;49.59;1.00;55;0;0;435.00;0
266;0;1623062811266;266;30;322;441;7.77;0.28;49.59;1.00;56;0;0;436.00;0
270;0;1623062811266;270;31;324;441;6.65;0.24;49.34;1.00;54;0;0;437.00;0
271;0;1623062811266;271;34;325;441;6.29;0.23;49.53;1.00;54;0;0;438.00;0
271;0;1623062811267;271;30;326;441;6.68;0.24;49.53;1.00;55;0;0;439.00;0
272;0;1623062811267;272;29;326;441;6.40;0.23;49.90;1.00;54;0;0;440.00;0
272;0;1623062811267;272;27;326;441;6.52;0.23;49.90;1.00;54;0;0;441.00;0
273;0;1623062811268;273;26;327;441;6.43;0.23;49.80;1.00;54;0;0;442.00;0
274;0;1623062811268;274;25;329;441;6.63;0.24;49.69;1.00;55;0;0;443.00;0
275;0;1623062811269;275;22;329;441;6.26;0.23;49.67;1.00;54;0;0;444.00;0
275;0;1623062811269;275;21;329;441;6.04;0.22;49.67;1.00;54;0;0;445.00;0
275;0;1623062811269;275;22;331;441;6.60;0.24;49.67;1.00;56;0;0;446.00;0
275;0;1623062811270;275;20;332;441;6.79;0.24;49.67;1.00;57;0;0;447.00;0
275;0;1623062811270;275;19;332;441;7.06;0.25;49.67;1.00;57;0;0;448.00;0
275;0;1623062811270;275;18;332;441;7.29;0.26;49.67;1.00;57;0;0;449.00;0
275;0;1623062811271;275;14;332;441;7.78;0.28;49.67;1.00;57;0;0;450.00;0
277;0;1623062811271;277;15;332;441;7.54;0.27;49.87;1.00;55;0;0;451.00;0
277;0;1623062811271;277;14;332;441;7.94;0.29;49.87;1.00;55;0;0;452.00;0
279;0;1623062811272;279;16;334;441;7.88;0.28;49.86;1.00;55;0;0;453.00;0
279;0;1623062811272;279;14;335;441;8.45;0.30;49.86;1.00;56;0;0;454.00;0
280;0;1623062811272;280;17;336;441;8.46;0.30;49.79;1.00;56;0;0;455.00;0
281;0;1623062811273;281;18;338;441;8.79;0.32;49.77;1.00;57;0;0;456.00;0
282;0;1623062811273;282;16;339;441;8.38;0.30;49.74;1.00;57;0;0;457.00;0
284;0;1623062811273;284;16;341;441;8.60;0.31;49.61;1.00;57;0;0;458.00;0
285;0;1623062811273;285;20;343;441;8.71;0.31;49.69;1.00;58;0;0;459.00;0
285;0;1623062811274;285;24;343;441;8.25;0.30;49.69;1.00;58;0;0;460.00;0
287;0;1623062811274;287;32;344;441;7.38;0.27;49.66;1.00;57;0;0;461.00;0
288;0;1623062811274;288;34;344;441;6.28;0.23;49.84;1.00;56;0;0;462.00;0
288;0;1623062811275;288;35;344;441;6.06;0.22;49.84;1.00;56;0;0;463.00;0
288;0;1623062811275;288;37;344;441;5.95;0.21;49.84;1.00;56;0;0;464.00;0
289;0;1623062811275;289;38;346;441;5.50;0.20;49.82;1.00;57;0;0;465.00;0
290;0;1623062811276;290;37;346;441;4.82;0.17;50.08;1.00;56;0;0;466.00;0
290;0;1623062811276;290;36;346;441;4.71;0.17;50.08;1.00;56;0;0;467.00;0
290;0;1623062811276;290;37;346;441;4.70;0.17;50.08;1.00;56;0;0;468.00;0
290;0;1623062811277;290;37;348;441;5.46;0.20;50.08;1.00;58;0;0;469.00;0
293;0;1623062811277;293;38;348;441;4.32;0.16;50.27;1.00;55;0;0;470.00;0
294;0;1623062811277;294;37;348;441;4.05;0.15;50.16;1.00;54;0;0;471.00;1
295;0;1623062811277;295;33;348;441;4.00;0.14;50.05;1.00;53;0;0;472.00;2
296;0;1623062811278;296;30;348;441;3.81;0.14;49.94;1.00;52;0;0;473.00;2
296;0;1623062811278;296;28;349;441;4.47;0.16;49.94;1.00;53;0;0;474.00;2
297;0;1623062811278;297;27;349;441;4.39;0.16;49.83;1.00;52;0;0;475.00;2
297;0;1623062811279;297;26;349;441;4.67;0.17;49.83;1.00;52;0;0;476.00;2
298;0;1623062811279;298;25;349;441;4.61;0.17;50.09;1.00;51;0;0;477.00;4
299;0;1623062811279;299;23;349;441;4.64;0.17;50.09;1.00;50;0;0;478.00;4
300;0;1623062811280;300;23;350;441;5.23;0.19;50.08;1.00;50;0;0;479.00;4
300;0;1623062811280;300;25;350;441;5.73;0.21;50.08;1.00;50;0;0;480.00;4
300;0;1623062811281;300;22;351;441;6.63;0.24;50.08;1.00;51;0;0;481.00;4
301;0;1623062811281;301;18;353;441;7.61;0.27;49.99;1.00;52;0;0;482.00;4
301;0;1623062811281;301;16;353;441;8.05;0.29;49.99;1.00;52;0;0;483.00;5
301;0;1623062811282;301;15;353;441;8.45;0.30;49.99;1.00;52;0;0;484.00;5
302;0;1623062811282;302;13;354;441;8.91;0.32;50.03;1.00;52;0;0;485.00;5
303;0;1623062811282;303;15;354;441;8.95;0.32;49.95;1.00;51;0;0;486.00;5
304;0;1623062811282;304;16;354;441;8.86;0.32;49.98;1.00;50;0;0;487.00;5
306;0;1623062811283;306;17;355;441;8.66;0.31;50.04;1.00;49;0;0;488.00;6
307;0;1623062811283;307;15;356;441;8.98;0.32;50.07;1.00;49;0;0;489.00;5
307;0;1623062811283;307;12;357;441;9.53;0.34;50.07;1.00;50;0;0;490.00;5
307;0;1623062811284;307;13;359;441;10.45;0.38;50.07;1.00;52;0;0;491.00;6
308;0;1623062811284;308;12;362;441;10.29;0.37;50.35;1.12;54;0;0;492.00;4
308;0;1623062811284;308;13;363;441;10.61;0.38;50.35;1.12;55;0;0;493.00;4
309;0;1623062811285;309;16;363;441;10.28;0.37;50.36;1.12;54;0;0;494.00;4
309;0;1623062811285;309;20;364;441;10.30;0.37;50.36;1.12;55;0;0;495.00;4
309;0;1623062811285;309;21;365;441;10.36;0.37;50.36;1.12;56;0;0;496.00;4
310;0;1623062811285;310;25;366;441;10.16;0.37;50.32;1.11;56;0;0;497.00;4
311;0;1623062811286;311;23;367;441;10.00;0.36;50.35;1.11;56;0;0;498.00;4
313;0;1623062811286;313;23;367;441;9.12;0.33;50.23;1.11;54;0;0;499.00;4
313;0;1623062811286;313;23;368;441;9.03;0.33;50.23;1.11;55;0;0;500.00;4
314;0;1623062811287;314;24;370;441;9.21;0.33;50.40;1.11;56;0;0;501.00;4
316;0;1623062811287;316;25;373;441;8.84;0.32;50.23;1.18;57;0;0;502.00;3
319;0;1623062811287;319;25;373;441;7.35;0.26;50.59;1.18;54;0;0;503.00;3
319;0;1623062811288;319;23;374;441;7.10;0.26;50.59;1.25;55;0;0;504.00;2
319;0;1623062811288;319;21;376;441;7.98;0.29;50.59;1.25;57;0;0;505.00;2
319;0;1623062811288;319;19;377;441;8.01;0.29;50.59;1.25;58;0;0;506.00;3
319;0;1623062811289;319;20;378;441;8.15;0.29;50.59;1.25;59;0;0;507.00;3
320;0;1623062811289;320;21;378;441;7.58;0.27;50.83;1.25;58;0;0;508.00;3
320;0;1623062811289;320;20;378;441;7.27;0.26;50.83;1.25;58;0;0;509.00;3
321;0;1623062811290;321;16;380;441;7.64;0.27;50.73;1.25;59;0;0;510.00;3
321;0;1623062811290;321;14;381;441;8.13;0.29;50.73;1.25;60;0;0;511.00;4
321;0;1623062811291;321;13;383;441;8.55;0.31;50.73;1.32;62;0;0;512.00;3
321;0;1623062811291;321;14;384;441;8.95;0.32;50.73;1.38;63;0;0;513.00;2
322;0;1623062811291;322;12;386;441;9.03;0.32;50.63;1.40;64;0;0;514.00;1
322;0;1623062811292;322;10;387;441;9.01;0.32;50.63;1.41;65;0;0;515.00;0
322;0;1623062811292;322;9;388;441;9.45;0.34;50.63;1.40;66;0;0;516.00;0
324;0;1623062811292;324;8;389;441;9.60;0.35;50.52;1.40;65;0;0;517.00;0
326;0;1623062811293;326;9;390;441;9.28;0.33;50.94;1.40;64;0;0;518.00;0
326;0;1623062811293;326;10;390;441;9.16;0.33;50.94;1.40;64;0;0;519.00;0
326;0;1623062811294;326;11;390;441;9.06;0.33;50.94;1.40;64;0;0;520.00;0
327;0;1623062811294;327;12;390;441;8.49;0.31;51.19;1.40;63;0;0;521.00;0
328;0;1623062811294;328;11;390;441;8.20;0.30;51.52;1.40;62;0;0;522.00;0
329;0;1623062811294;329;9;391;441;8.30;0.30;51.64;1.40;62;0;0;523.00;0
329;0;1623062811295;329;10;394;441;9.02;0.32;51.64;1.40;65;0;0;524.00;0
330;0;1623062811295;330;10;396;441;9.33;0.34;51.69;1.40;66;0;0;525.00;0
330;0;1623062811296;330;15;396;441;9.24;0.33;51.69;1.40;66;0;0;526.00;0
332;0;1623062811296;332;19;396;441;8.58;0.31;51.95;1.40;64;0;0;527.00;0
332;0;1623062811296;332;23;397;441;8.38;0.30;51.95;1.40;65;0;0;528.00;0
332;0;1623062811297;332;21;397;441;8.14;0.29;51.95;1.40;65;0;0;529.00;0
332;0;1623062811297;332;23;397;441;7.93;0.29;51.95;1.40;65;0;0;530.00;0
332;0;1623062811297;332;24;398;441;7.62;0.27;51.95;1.39;66;0;0;531.00;0
332;0;1623062811298;332;27;400;441;8.27;0.30;51.95;1.39;68;0;0;532.00;0
333;0;1623062811298;333;28;400;441;8.08;0.29;51.85;1.39;67;0;0;533.00;0
333;0;1623062811298;333;30;402;441;8.40;0.30;51.85;1.39;69;0;0;534.00;0
337;0;1623062811299;337;32;403;441;7.79;0.28;51.95;1.39;66;0;0;535.00;0
339;0;1623062811299;339;34;403;441;7.30;0.26;52.06;1.39;64;0;0;536.00;0
341;0;1623062811299;341;33;404;441;7.21;0.26;52.27;1.39;63;0;0;537.00;0
343;0;1623062811300;343;32;405;441;6.97;0.25;52.45;1.39;62;0;0;538.00;0
345;0;1623062811300;345;29;405;441;6.31;0.23;52.46;1.39;60;0;0;539.00;0
345;0;1623062811301;345;26;406;441;6.61;0.24;52.46;1.39;61;0;0;540.00;0
347;0;1623062811301;347;25;406;441;5.90;0.21;52.35;1.39;59;0;0;541.00;0
347;0;1623062811301;347;22;407;441;6.35;0.23;52.35;1.39;60;0;0;542.00;1
347;0;1623062811302;347;20;407;441;6.60;0.24;52.35;1.39;60;0;0;543.00;1
349;0;1623062811302;349;20;407;441;6.16;0.22;52.54;1.39;58;0;0;544.00;1
350;0;1623062811303;350;19;407;441;6.13;0.22;52.45;1.39;57;0;0;545.00;1
350;0;1623062811303;350;18;407;441;6.33;0.23;52.45;1.39;57;0;0;546.00;1
350;0;1623062811303;350;19;407;441;6.56;0.24;52.45;1.39;57;0;0;547.00;2
351;0;1623062811304;351;19;407;441;6.75;0.24;52.46;1.39;56;0;0;548.00;2
351;0;1623062811304;351;16;408;441;7.39;0.27;52.46;1.38;57;0;0;549.00;2
352;0;1623062811304;352;14;409;441;7.73;0.28;52.46;1.38;57;0;0;550.00;2
352;0;1623062811305;352;13;410;441;7.88;0.28;52.46;1.40;58;0;0;551.00;1
353;0;1623062811305;353;13;410;441;7.81;0.28;52.56;1.40;57;0;0;552.00;1
355;0;1623062811305;355;16;410;441;7.28;0.26;52.90;1.40;55;0;0;553.00;1
356;0;1623062811306;356;15;410;441;7.07;0.25;52.88;1.40;54;0;0;554.00;1
357;0;1623062811306;357;9;410;441;7.19;0.26;52.86;1.40;53;0;0;555.00;1
358;0;1623062811306;358;9;410;441;7.09;0.26;52.85;1.40;52;0;0;556.00;1
359;0;1623062811307;359;12;410;441;6.94;0.25;52.86;1.40;51;0;0;557.00;1
359;0;1623062811307;359;13;411;441;7.43;0.27;52.86;1.40;52;0;0;558.00;1
359;0;1623062811307;359;15;411;441;7.55;0.27;52.86;1.40;52;0;0;559.00;2
360;0;1623062811307;360;16;411;441;7.42;0.27;53.07;1.40;51;0;0;560.00;3
361;0;1623062811308;361;17;411;441;7.17;0.26;53.05;1.40;50;0;0;561.00;5
362;0;1623062811308;362;19;411;441;6.78;0.24;53.08;1.40;49;0;0;562.00;5
363;0;1623062811308;363;20;411;441;6.65;0.24;53.10;1.40;48;0;0;563.00;5
364;0;1623062811309;364;18;411;441;6.64;0.24;53.30;1.40;47;0;0;564.00;5
365;0;1623062811309;365;19;412;441;6.80;0.24;53.45;1.40;47;0;0;565.00;5
365;0;1623062811309;365;21;412;441;7.04;0.25;53.45;1.40;47;0;0;566.00;5
366;0;1623062811310;366;22;413;441;7.33;0.26;53.38;1.40;47;0;0;567.00;5
368;0;1623062811310;368;23;414;441;7.00;0.25;53.27;1.40;46;0;0;568.00;5
368;0;1623062811310;368;25;414;441;7.10;0.26;53.27;1.40;46;0;0;569.00;7
370;0;1623062811310;370;22;414;441;6.44;0.23;53.40;1.40;44;0;0;570.00;8
370;0;1623062811311;370;21;414;441;6.70;0.24;53.40;1.40;44;0;0;571.00;8
372;0;1623062811311;372;19;414;441;6.20;0.22;53.41;1.40;42;0;0;572.00;8
372;0;1623062811311;372;18;414;441;6.25;0.22;53.41;1.40;42;0;0;573.00;8
373;0;1623062811311;373;16;414;441;5.83;0.21;53.43;1.40;41;0;0;574.00;9
373;0;1623062811312;373;17;414;441;5.75;0.21;53.43;1.40;41;0;0;575.00;10
373;0;1623062811312;373;15;415;441;6.06;0.22;53.43;1.40;42;0;0;576.00;10
373;0;1623062811312;373;12;415;441;6.28;0.23;53.43;1.40;42;0;0;577.00;10
374;0;1623062811313;374;12;416;441;5.82;0.21;53.64;1.47;42;0;0;578.00;9
374;0;1623062811313;374;10;416;441;6.23;0.22;53.64;1.47;42;0;0;579.00;9
374;0;1623062811313;374;8;416;441;6.60;0.24;53.64;1.47;42;0;0;580.00;9
375;0;1623062811313;375;7;417;441;6.70;0.24;54.06;1.52;42;0;0;581.00;8
376;0;1623062811314;376;6;417;441;6.73;0.24;54.10;1.52;41;0;0;582.00;9
376;0;1623062811314;376;5;417;441;7.08;0.25;54.10;1.52;41;0;0;583.00;9
378;0;1623062811314;378;4;418;441;6.36;0.23;54.03;1.58;40;0;0;584.00;8
378;0;1623062811315;378;4;418;441;6.43;0.23;54.03;1.58;40;0;0;585.00;8
378;0;1623062811315;378;6;419;441;6.88;0.25;54.03;1.64;41;0;0;586.00;7
378;0;1623062811315;378;8;419;441;7.08;0.25;54.03;1.64;41;0;0;587.00;7
379;0;1623062811315;379;6;420;441;7.08;0.25;54.01;1.70;41;0;0;588.00;7
381;0;1623062811316;381;9;420;441;6.63;0.24;54.50;1.70;39;0;0;589.00;7
382;0;1623062811316;382;9;422;441;6.89;0.25;54.49;1.75;40;0;0;590.00;7
385;0;1623062811316;385;12;424;441;6.97;0.25;54.69;1.74;39;0;0;591.00;7
386;0;1623062811316;386;13;426;441;6.79;0.24;55.05;1.85;40;0;0;592.00;6
387;0;1623062811317;387;14;429;441;7.05;0.25;55.20;1.88;42;0;0;593.00;6
387;0;1623062811317;387;16;429;441;6.76;0.24;55.20;1.88;42;0;0;594.00;6
387;0;1623062811317;387;19;431;441;6.27;0.23;55.20;1.96;44;0;0;595.00;4
388;0;1623062811317;388;21;431;441;5.50;0.20;55.57;1.96;43;0;0;596.00;4
388;0;1623062811317;388;24;431;441;5.28;0.19;55.57;1.96;43;0;0;597.00;4
388;0;1623062811318;388;25;431;441;5.26;0.19;55.57;1.96;43;0;0;598.00;4
389;0;1623062811318;389;27;431;441;4.84;0.17;55.61;1.96;42;0;0;599.00;4
389;0;1623062811318;389;26;432;441;5.06;0.18;55.61;1.98;43;0;0;600.00;3
391;0;1623062811318;391;27;435;441;5.27;0.19;55.50;2.00;44;0;0;601.00;2
391;0;1623062811319;391;26;437;441;5.72;0.21;55.50;2.02;46;0;0;602.00;1
391;0;1623062811319;391;25;439;441;6.70;0.24;55.50;2.01;48;0;0;603.00;1
391;0;1623062811319;391;25;440;441;6.38;0.23;55.50;2.04;49;0;0;604.00;0
391;0;1623062811320;391;25;440;441;6.40;0.23;55.50;2.04;49;0;0;605.00;0
392;0;1623062811320;392;21;441;593;6.24;0.22;55.48;2.03;49;0;0;606.00;0
392;0;1623062811326;392;20;443;593;6.90;0.25;55.48;2.03;51;0;0;607.00;0
392;0;1623062811327;392;20;443;593;6.69;0.24;55.48;2.03;51;0;0;608.00;0
392;0;1623062811327;392;20;443;593;6.60;0.24;55.48;2.03;51;0;0;609.00;0
392;0;1623062811327;392;21;443;593;6.59;0.24;55.48;2.03;51;0;0;610.00;0
392;0;1623062811328;392;22;443;593;6.53;0.23;55.48;2.03;51;0;0;611.00;0
393;0;1623062811328;393;22;445;593;7.23;0.26;55.39;2.02;52;0;0;612.00;0
393;0;1623062811328;393;23;446;593;7.48;0.27;55.39;2.02;53;0;0;613.00;0
394;0;1623062811329;394;21;448;593;8.21;0.30;55.73;2.02;54;0;0;614.00;0
394;0;1623062811329;394;21;449;593;8.53;0.31;55.73;2.02;55;0;0;615.00;0
394;0;1623062811329;394;21;449;593;8.46;0.30;55.73;2.02;55;0;0;616.00;0
394;0;1623062811330;394;21;449;593;8.41;0.30;55.73;2.02;55;0;0;617.00;0
395;0;1623062811330;395;22;450;593;8.01;0.29;56.05;2.01;55;0;0;618.00;0
395;0;1623062811330;395;23;450;593;7.71;0.28;56.05;2.01;55;0;0;619.00;0
397;0;1623062811331;397;19;450;593;6.69;0.24;55.95;2.01;53;0;0;620.00;0
397;0;1623062811331;397;18;450;593;6.53;0.24;55.95;2.01;53;0;0;621.00;0
398;0;1623062811331;398;21;450;593;6.09;0.22;55.89;2.01;52;0;0;622.00;0
398;0;1623062811331;398;22;451;593;6.45;0.23;55.89;2.01;53;0;0;623.00;0
398;0;1623062811332;398;22;452;593;6.82;0.25;55.89;2.01;54;0;0;624.00;0
398;0;1623062811332;398;21;453;593;6.96;0.25;55.89;2.01;55;0;0;625.00;0
398;0;1623062811332;398;23;453;593;6.87;0.25;55.89;2.01;55;0;0;626.00;0
398;0;1623062811333;398;23;453;593;6.80;0.24;55.89;2.01;55;0;0;627.00;0
399;0;1623062811333;399;23;453;593;6.66;0.24;55.98;2.01;54;0;0;628.00;0
400;0;1623062811333;400;25;453;593;6.28;0.23;56.31;2.01;53;0;0;629.00;0
402;0;1623062811334;402;26;454;593;5.42;0.20;56.44;2.00;52;0;0;630.00;0
402;0;1623062811334;402;27;455;593;5.85;0.21;56.44;2.00;53;0;0;631.00;0
403;0;1623062811334;403;28;455;593;5.53;0.20;56.37;2.00;52;0;0;632.00;0
404;0;1623062811335;404;30;456;593;5.43;0.20;56.31;2.00;52;0;0;633.00;0
405;0;1623062811335;405;32;456;593;4.91;0.18;56.31;2.00;51;0;0;634.00;0
405;0;1623062811335;405;31;456;593;5.02;0.18;56.31;2.00;51;0;0;635.00;0
406;0;1623062811335;406;30;456;593;4.68;0.17;56.21;2.00;50;0;0;636.00;1
408;0;1623062811336;408;29;456;593;3.83;0.14;56.43;2.00;48;0;0;637.00;2
409;0;1623062811336;409;28;456;593;3.65;0.13;56.42;2.00;47;0;0;638.00;4
409;0;1623062811336;409;27;457;593;4.48;0.16;56.42;2.00;48;0;0;639.00;4
409;0;1623062811337;409;25;459;593;5.78;0.21;56.42;1.99;50;0;0;640.00;6
409;0;1623062811337;409;25;459;593;6.10;0.22;56.42;1.99;50;0;0;641.00;7
409;0;1623062811337;409;23;461;593;7.05;0.25;56.42;1.99;52;0;0;642.00;7
409;0;1623062811338;409;23;461;593;7.11;0.26;56.42;1.99;52;0;0;643.00;7
409;0;1623062811338;409;22;461;593;7.24;0.26;56.42;1.99;52;0;0;644.00;8
409;0;1623062811338;409;21;462;593;7.53;0.27;56.42;1.99;53;0;0;645.00;8
410;0;1623062811339;410;19;463;593;7.62;0.27;56.42;1.98;53;0;0;646.00;8
410;0;1623062811339;410;16;463;593;7.66;0.28;56.42;1.98;53;0;0;647.00;8
410;0;1623062811339;410;14;463;593;7.65;0.28;56.42;1.98;53;0;0;648.00;9
410;0;1623062811340;410;14;464;593;8.16;0.29;56.42;1.98;54;0;0;649.00;10
411;0;1623062811340;411;16;464;593;7.89;0.28;56.40;1.98;53;0;0;650.00;10
412;0;1623062811340;412;17;465;593;7.74;0.28;56.37;1.98;53;0;0;651.00;10
415;0;1623062811340;415;18;466;593;7.12;0.26;56.54;1.98;51;0;0;652.00;11
416;0;1623062811341;416;15;466;593;6.78;0.24;56.50;1.98;50;0;0;653.00;11
416;0;1623062811341;416;16;467;593;7.12;0.26;56.50;1.98;51;0;0;654.00;11
416;0;1623062811341;416;16;469;593;7.59;0.27;56.50;1.97;53;0;0;655.00;11
416;0;1623062811342;416;18;469;593;7.73;0.28;56.50;1.97;53;0;0;656.00;11
417;0;1623062811342;417;18;469;593;7.58;0.27;56.71;1.97;52;0;0;657.00;11
417;0;1623062811342;417;20;469;593;7.84;0.28;56.71;1.97;52;0;0;658.00;11
419;0;1623062811343;419;23;469;593;7.46;0.27;57.09;1.97;50;0;0;659.00;11
421;0;1623062811343;421;24;470;593;7.27;0.26;57.33;1.97;49;0;0;660.00;11
421;0;1623062811343;421;27;471;593;7.68;0.28;57.33;1.97;50;0;0;661.00;12
421;0;1623062811344;421;26;471;593;7.69;0.28;57.33;1.97;50;0;0;662.00;12
422;0;1623062811344;422;26;471;593;7.41;0.27;57.24;1.97;49;0;0;663.00;13
423;0;1623062811344;423;27;471;593;7.06;0.25;57.13;1.97;48;0;0;664.00;15
424;0;1623062811345;424;29;473;593;7.82;0.28;57.06;1.96;49;0;0;665.00;15
426;0;1623062811345;426;30;473;593;6.98;0.25;57.31;1.96;47;0;0;666.00;16
427;0;1623062811345;427;30;473;593;6.41;0.23;57.22;1.96;46;0;0;667.00;17
428;0;1623062811345;428;26;473;593;6.09;0.22;57.14;1.96;45;0;0;668.00;17
428;0;1623062811346;428;25;473;593;6.15;0.22;57.14;1.96;45;0;0;669.00;18
428;0;1623062811346;428;24;473;593;6.24;0.22;57.14;1.96;45;0;0;670.00;19
429;0;1623062811346;429;23;474;593;6.15;0.22;57.38;1.96;45;0;0;671.00;19
430;0;1623062811347;430;23;474;593;5.81;0.21;57.32;1.96;44;0;0;672.00;19
430;0;1623062811347;430;19;475;593;6.15;0.22;57.32;1.96;45;0;0;673.00;19
430;0;1623062811347;430;18;476;593;6.37;0.23;57.32;1.96;46;0;0;674.00;20
430;0;1623062811348;430;17;476;593;6.41;0.23;57.32;1.96;46;0;0;675.00;21
430;0;1623062811348;430;16;477;593;6.63;0.24;57.32;1.96;47;0;0;676.00;22
430;0;1623062811348;430;17;477;593;6.62;0.24;57.32;1.96;47;0;0;677.00;22
430;0;1623062811349;430;16;477;593;6.72;0.24;57.32;1.96;47;0;0;678.00;22
430;0;1623062811349;430;13;477;593;6.74;0.24;57.32;1.96;47;0;0;679.00;22
431;0;1623062811349;431;12;478;593;6.96;0.25;57.30;1.95;47;0;0;680.00;22
432;0;1623062811350;432;9;478;593;6.55;0.24;57.26;1.95;46;0;0;681.00;22
432;0;1623062811350;432;9;478;593;6.46;0.23;57.26;1.95;46;0;0;682.00;22
433;0;1623062811350;433;9;478;593;6.00;0.22;57.23;1.95;45;0;0;683.00;22
435;0;1623062811350;435;12;478;593;5.17;0.19;57.22;1.95;43;0;0;684.00;22
435;0;1623062811351;435;13;479;593;5.92;0.21;57.22;1.95;44;0;0;685.00;22
437;0;1623062811351;437;12;480;593;5.80;0.21;57.73;1.95;43;0;0;686.00;22
437;0;1623062811351;437;12;480;593;6.09;0.22;57.73;1.95;43;0;0;687.00;22
437;0;1623062811352;437;14;481;593;6.61;0.24;57.73;1.95;44;0;0;688.00;23
438;0;1623062811352;438;16;481;593;6.40;0.23;57.68;1.95;43;0;0;689.00;25
438;0;1623062811352;438;16;482;593;7.18;0.26;57.68;1.95;44;0;0;690.00;25
438;0;1623062811352;438;15;482;593;7.41;0.27;57.68;1.95;44;0;0;691.00;25
440;0;1623062811353;440;18;483;593;7.22;0.26;57.75;1.94;43;0;0;692.00;25
440;0;1623062811353;440;20;484;593;7.85;0.28;57.75;1.94;44;0;0;693.00;25
441;0;1623062811353;441;20;486;593;8.50;0.31;58.07;1.94;45;0;0;694.00;25
441;0;1623062811354;441;20;486;593;8.44;0.30;58.07;1.94;45;0;0;695.00;25
441;0;1623062811354;441;22;487;593;8.77;0.32;58.07;1.94;46;0;0;696.00;25
443;0;1623062811354;443;23;488;593;8.54;0.31;58.20;1.93;45;0;0;697.00;25
444;0;1623062811354;444;23;489;593;8.42;0.30;58.10;1.93;45;0;0;698.00;26
444;0;1623062811355;444;24;489;593;8.43;0.30;58.10;1.93;45;0;0;699.00;27
445;0;1623062811355;445;20;489;593;8.07;0.29;58.03;1.93;44;0;0;700.00;27
447;0;1623062811355;447;18;489;593;7.11;0.26;57.91;1.93;42;0;0;701.00;28
448;0;1623062811356;448;19;489;593;6.50;0.23;57.86;1.93;41;0;0;702.00;28
448;0;1623062811356;448;19;489;593;6.32;0.23;57.86;1.93;41;0;0;703.00;28
449;0;1623062811356;449;17;489;593;5.77;0.21;58.13;1.93;40;0;0;704.00;28
450;0;1623062811356;450;16;489;593;5.37;0.19;58.06;1.93;39;0;0;705.00;28
450;0;1623062811357;450;15;490;593;5.93;0.21;58.06;1.93;40;0;0;706.00;28
450;0;1623062811357;450;14;491;593;6.97;0.25;58.06;1.93;41;0;0;707.00;28
450;0;1623062811357;450;15;493;593;8.12;0.29;58.06;1.92;43;0;0;708.00;28
450;0;1623062811358;450;14;494;593;8.90;0.32;58.06;1.92;44;0;0;709.00;28
450;0;1623062811358;450;13;494;593;8.97;0.32;58.06;1.92;44;0;0;710.00;29
450;0;1623062811358;450;10;494;593;9.10;0.33;58.06;1.92;44;0;0;711.00;29
451;0;1623062811358;451;9;496;593;8.96;0.32;58.06;2.07;45;0;0;712.00;28
451;0;1623062811359;451;8;498;593;9.36;0.34;58.06;2.07;47;0;0;713.00;28
451;0;1623062811359;451;9;500;593;9.92;0.36;58.06;2.06;49;0;0;714.00;29
452;0;1623062811359;452;9;503;593;10.16;0.37;58.19;2.21;51;0;0;715.00;28
452;0;1623062811360;452;9;503;593;10.12;0.36;58.19;2.21;51;0;0;716.00;28
454;0;1623062811360;454;11;504;593;10.05;0.36;58.31;2.21;50;0;0;717.00;28
454;0;1623062811360;454;9;504;593;10.07;0.36;58.31;2.21;50;0;0;718.00;28
454;0;1623062811361;454;6;506;593;10.43;0.38;58.31;2.37;52;0;0;719.00;27
455;0;1623062811361;455;8;507;593;9.97;0.36;58.66;2.52;52;0;0;720.00;26
456;0;1623062811361;456;11;509;593;9.64;0.35;58.78;2.68;53;0;0;721.00;25
456;0;1623062811362;456;12;510;593;9.76;0.35;58.78;2.67;54;0;0;722.00;25
457;0;1623062811362;457;16;511;593;9.62;0.35;58.89;2.67;54;0;0;723.00;25
459;0;1623062811362;459;16;512;593;8.97;0.32;58.80;2.83;53;0;0;724.00;24
459;0;1623062811363;459;17;513;593;8.95;0.32;58.80;2.99;54;0;0;725.00;24
460;0;1623062811363;460;19;515;593;8.84;0.32;59.02;3.14;55;0;0;726.00;23
461;0;1623062811363;461;21;516;593;8.54;0.31;59.35;3.29;55;0;0;727.00;24
461;0;1623062811364;461;22;518;593;8.33;0.30;59.35;3.58;57;0;0;728.00;22
461;0;1623062811364;461;22;519;593;7.94;0.29;59.35;3.71;58;0;0;729.00;21
462;0;1623062811364;462;24;520;593;7.85;0.28;59.31;3.70;58;0;0;730.00;21
463;0;1623062811365;463;26;521;593;7.59;0.27;59.25;3.70;58;0;0;731.00;21
465;0;1623062811365;465;28;523;593;6.73;0.24;59.16;3.82;58;0;0;732.00;21
465;0;1623062811365;465;27;524;593;6.68;0.24;59.16;3.81;59;0;0;733.00;21
465;0;1623062811366;465;27;525;593;7.02;0.25;59.16;3.81;60;0;0;734.00;21
466;0;1623062811366;466;24;525;593;6.65;0.24;59.06;3.81;59;0;0;735.00;21
466;0;1623062811366;466;26;527;593;7.12;0.26;59.06;3.94;61;0;0;736.00;21
466;0;1623062811367;466;27;528;593;7.47;0.27;59.06;3.93;62;0;0;737.00;22
467;0;1623062811367;467;24;529;593;7.41;0.27;59.25;3.92;62;0;0;738.00;22
467;0;1623062811367;467;23;531;593;7.05;0.25;59.25;4.19;64;0;0;739.00;20
468;0;1623062811368;468;22;531;593;6.50;0.23;59.19;4.19;63;0;0;740.00;20
468;0;1623062811368;468;21;531;593;6.33;0.23;59.19;4.19;63;0;0;741.00;21
469;0;1623062811369;469;22;532;593;6.19;0.22;59.14;4.19;63;0;0;742.00;22
469;0;1623062811369;469;24;532;593;6.19;0.22;59.14;4.19;63;0;0;743.00;22
469;0;1623062811369;469;26;532;593;6.15;0.22;59.14;4.19;63;0;0;744.00;22
470;0;1623062811370;470;24;532;593;5.87;0.21;59.34;4.19;62;0;0;745.00;24
470;0;1623062811370;470;23;532;593;5.78;0.21;59.34;4.19;62;0;0;746.00;24
472;0;1623062811370;472;23;532;593;5.20;0.19;59.45;4.19;60;0;0;747.00;24
472;0;1623062811371;472;22;535;593;5.96;0.21;59.45;4.32;63;0;0;748.00;23
473;0;1623062811371;473;24;535;593;5.71;0.21;59.40;4.32;62;0;0;749.00;23
474;0;1623062811371;474;23;536;593;5.78;0.21;59.37;4.31;62;0;0;750.00;23
474;0;1623062811372;474;18;536;593;6.02;0.22;59.37;4.31;62;0;0;751.00;23
476;0;1623062811372;476;17;536;593;5.71;0.21;59.28;4.31;60;0;0;752.00;23
477;0;1623062811372;477;18;536;593;5.90;0.21;59.24;4.31;59;0;0;753.00;23
477;0;1623062811373;477;22;536;593;5.98;0.22;59.24;4.31;59;0;0;754.00;23
478;0;1623062811373;478;26;536;593;5.94;0.21;59.20;4.31;58;0;0;755.00;24
478;0;1623062811373;478;25;536;593;6.34;0.23;59.20;4.31;58;0;0;756.00;25
478;0;1623062811374;478;28;537;593;7.11;0.26;59.20;4.31;59;0;0;757.00;25
480;0;1623062811374;480;31;537;593;6.82;0.25;59.68;4.31;57;0;0;758.00;25
480;0;1623062811374;480;30;538;593;7.43;0.27;59.68;4.30;58;0;0;759.00;25
482;0;1623062811375;482;33;538;593;7.22;0.26;60.12;4.30;56;0;0;760.00;26
482;0;1623062811375;482;33;538;593;7.67;0.28;60.12;4.30;56;0;0;761.00;26
483;0;1623062811375;483;33;538;593;7.69;0.28;60.11;4.30;55;0;0;762.00;27
484;0;1623062811375;484;33;540;593;8.53;0.31;60.07;4.29;56;0;0;763.00;27
489;0;1623062811376;489;33;540;593;7.39;0.27;59.92;4.29;51;0;0;764.00;28
490;0;1623062811376;490;32;541;593;7.71;0.28;59.86;4.28;51;0;0;765.00;30
491;0;1623062811376;491;28;541;593;7.56;0.27;59.79;4.28;50;0;0;766.00;30
492;0;1623062811377;492;25;541;593;7.46;0.27;59.72;4.28;49;0;0;767.00;31
495;0;1623062811377;495;24;544;593;7.68;0.28;59.85;4.26;49;0;0;768.00;32
496;0;1623062811377;496;23;544;593;7.51;0.27;60.02;4.26;48;0;0;769.00;32
497;0;1623062811378;497;21;544;593;7.37;0.27;59.99;4.26;47;0;0;770.00;32
498;0;1623062811378;498;20;545;593;7.41;0.27;59.95;4.26;47;0;0;771.00;32
498;0;1623062811378;498;18;545;593;7.38;0.27;59.95;4.26;47;0;0;772.00;32
498;0;1623062811379;498;16;545;593;7.28;0.26;59.95;4.26;47;0;0;773.00;32
498;0;1623062811379;498;14;545;593;7.48;0.27;59.95;4.26;47;0;0;774.00;32
498;0;1623062811379;498;15;545;593;7.50;0.27;59.95;4.26;47;0;0;775.00;32
498;0;1623062811379;498;14;546;593;7.72;0.28;59.95;4.25;48;0;0;776.00;32
498;0;1623062811380;498;15;546;593;7.71;0.28;59.95;4.25;48;0;0;777.00;32
500;0;1623062811380;500;14;546;593;7.23;0.26;60.12;4.25;46;0;0;778.00;32
501;0;1623062811380;501;14;546;593;6.95;0.25;60.10;4.25;45;0;0;779.00;32
502;0;1623062811381;502;12;546;593;6.84;0.25;60.04;4.25;44;0;0;780.00;32
502;0;1623062811381;502;12;547;593;7.51;0.27;60.04;4.25;45;0;0;781.00;32
504;0;1623062811381;504;12;547;593;6.84;0.25;60.13;4.25;43;0;0;782.00;32
504;0;1623062811382;504;14;548;593;7.41;0.27;60.13;4.24;44;0;0;783.00;33
504;0;1623062811382;504;13;549;593;8.09;0.29;60.13;4.23;45;0;0;784.00;33
504;0;1623062811382;504;15;550;593;8.53;0.31;60.13;4.23;46;0;0;785.00;33
506;0;1623062811382;506;14;552;593;8.83;0.32;60.01;4.22;46;0;0;786.00;33
507;0;1623062811383;507;12;553;593;9.18;0.33;60.27;4.21;46;0;0;787.00;33
508;0;1623062811383;508;13;553;593;8.91;0.32;60.54;4.21;45;0;0;788.00;34
508;0;1623062811383;508;13;553;593;9.17;0.33;60.54;4.21;45;0;0;789.00;34
508;0;1623062811383;508;14;554;593;9.80;0.35;60.54;4.21;46;0;0;790.00;34
508;0;1623062811384;508;16;554;593;10.01;0.36;60.54;4.21;46;0;0;791.00;34
508;0;1623062811384;508;17;554;593;10.30;0.37;60.54;4.21;46;0;0;792.00;34
509;0;1623062811384;509;18;555;593;10.21;0.37;60.57;4.42;46;0;0;793.00;33
509;0;1623062811385;509;19;557;593;10.57;0.38;60.57;4.63;48;0;0;794.00;32
511;0;1623062811385;511;20;557;593;9.90;0.36;60.42;4.63;46;0;0;795.00;32
513;0;1623062811385;513;20;558;593;8.68;0.31;60.30;4.85;45;0;0;796.00;31
513;0;1623062811385;513;22;560;593;8.64;0.31;60.30;5.05;47;0;0;797.00;30
515;0;1623062811386;515;20;560;593;7.61;0.27;60.41;5.05;45;0;0;798.00;30
516;0;1623062811386;516;19;560;593;7.02;0.25;60.37;5.05;44;0;0;799.00;30
518;0;1623062811386;518;18;560;593;5.99;0.22;60.20;5.05;42;0;0;800.00;30
518;0;1623062811387;518;17;560;593;5.84;0.21;60.20;5.05;42;0;0;801.00;30
518;0;1623062811387;518;16;560;593;5.85;0.21;60.20;5.05;42;0;0;802.00;30
518;0;1623062811387;518;15;561;593;6.23;0.22;60.20;5.04;43;0;0;803.00;30
518;0;1623062811387;518;17;561;593;6.01;0.22;60.20;5.04;43;0;0;804.00;30
520;0;1623062811388;520;17;562;593;5.20;0.19;60.25;5.04;42;0;0;805.00;30
520;0;1623062811388;520;19;563;745;5.88;0.21;60.25;5.03;43;0;0;806.00;30
520;0;1623062811394;520;18;564;745;6.42;0.23;60.25;5.02;44;0;0;807.00;30
520;0;1623062811394;520;18;567;745;7.76;0.28;60.25;5.00;47;0;0;808.00;30
520;0;1623062811395;520;17;567;745;7.55;0.27;60.25;5.00;47;0;0;809.00;30
521;0;1623062811395;521;14;567;745;6.95;0.25;60.22;5.00;46;0;0;810.00;31
521;0;1623062811395;521;12;568;745;7.35;0.26;60.22;4.99;47;0;0;811.00;31
522;0;1623062811396;522;13;569;745;7.08;0.25;60.16;4.99;47;0;0;812.00;31
522;0;1623062811396;522;13;569;745;6.99;0.25;60.16;4.99;47;0;0;813.00;31
522;0;1623062811396;522;14;570;745;7.22;0.26;60.16;4.98;48;0;0;814.00;31
522;0;1623062811397;522;16;572;745;7.30;0.26;60.16;5.21;50;0;0;815.00;30
522;0;1623062811397;522;13;572;745;7.58;0.27;60.16;5.21;50;0;0;816.00;31
522;0;1623062811397;522;15;573;745;8.32;0.30;60.16;5.20;51;0;0;817.00;31
522;0;1623062811398;522;16;574;745;8.88;0.32;60.16;5.19;52;0;0;818.00;31
522;0;1623062811398;522;17;575;745;9.29;0.33;60.16;5.19;53;0;0;819.00;31
522;0;1623062811398;522;16;575;745;9.59;0.35;60.16;5.19;53;0;0;820.00;31
524;0;1623062811399;524;14;575;745;9.56;0.34;60.52;5.19;51;0;0;821.00;31
524;0;1623062811399;524;15;576;745;9.76;0.35;60.52;5.41;52;0;0;822.00;30
526;0;1623062811399;526;14;576;745;9.32;0.34;60.95;5.41;50;0;0;823.00;30
526;0;1623062811400;526;16;578;745;9.74;0.35;60.95;5.63;52;0;0;824.00;29
527;0;1623062811400;527;17;578;745;9.48;0.34;60.87;5.63;51;0;0;825.00;29
529;0;1623062811400;529;19;579;745;8.71;0.31;60.86;5.86;50;0;0;826.00;28
529;0;1623062811401;529;19;580;745;8.82;0.32;60.86;6.07;51;0;0;827.00;27
529;0;1623062811401;529;19;580;745;8.91;0.32;60.86;6.07;51;0;0;828.00;27
531;0;1623062811401;531;21;581;745;8.38;0.30;60.87;6.29;50;0;0;829.00;26
532;0;1623062811401;532;22;583;745;8.38;0.30;60.80;6.49;51;0;0;830.00;26
534;0;1623062811402;534;19;583;745;7.82;0.28;60.84;6.49;49;0;0;831.00;26
535;0;1623062811402;535;18;585;745;7.95;0.29;60.91;6.68;50;0;0;832.00;25
536;0;1623062811402;536;17;585;745;7.65;0.28;60.97;6.68;49;0;0;833.00;25
537;0;1623062811403;537;18;586;745;7.22;0.26;61.08;6.87;49;0;0;834.00;24
538;0;1623062811403;538;17;586;745;6.93;0.25;61.00;6.87;48;0;0;835.00;25
538;0;1623062811403;538;15;588;745;7.34;0.26;61.00;7.04;50;0;0;836.00;24
538;0;1623062811404;538;15;589;745;7.62;0.27;61.00;7.03;51;0;0;837.00;24
539;0;1623062811404;539;16;591;745;7.41;0.27;60.95;7.20;52;0;0;838.00;24
539;0;1623062811404;539;15;592;745;7.08;0.26;60.95;7.38;53;0;0;839.00;24
540;0;1623062811405;540;17;592;745;6.57;0.24;60.89;7.38;52;0;0;840.00;24
540;0;1623062811405;540;19;593;745;6.35;0.23;60.89;7.55;53;0;0;841.00;24
540;0;1623062811406;540;21;593;745;6.36;0.23;60.89;7.55;53;0;0;842.00;24
542;0;1623062811406;542;21;594;745;6.34;0.23;60.95;7.54;52;0;0;843.00;25
542;0;1623062811406;542;22;595;745;6.92;0.25;60.95;7.53;53;0;0;844.00;25
543;0;1623062811406;543;23;595;745;6.65;0.24;60.94;7.53;52;0;0;845.00;25
543;0;1623062811407;543;23;597;745;7.72;0.28;60.94;7.51;54;0;0;846.00;26
544;0;1623062811407;544;25;599;745;7.76;0.28;61.01;7.67;55;0;0;847.00;27
546;0;1623062811407;546;26;599;745;7.11;0.26;60.96;7.67;53;0;0;848.00;27
546;0;1623062811408;546;26;599;745;7.30;0.26;60.96;7.67;53;0;0;849.00;27
548;0;1623062811408;548;31;601;745;7.72;0.28;60.87;7.65;53;0;0;850.00;27
549;0;1623062811408;549;32;602;745;7.89;0.28;60.83;7.64;53;0;0;851.00;27
550;0;1623062811409;550;33;604;745;8.35;0.30;60.80;7.62;54;0;0;852.00;27
550;0;1623062811409;550;33;604;745;8.43;0.30;60.80;7.62;54;0;0;853.00;27
551;0;1623062811409;551;33;604;745;8.15;0.29;60.76;7.62;53;0;0;854.00;27
551;0;1623062811410;551;33;606;745;9.10;0.33;60.76;7.59;55;0;0;855.00;27
552;0;1623062811410;552;33;606;745;8.95;0.32;61.11;7.59;54;0;0;856.00;27
553;0;1623062811410;553;33;607;745;8.71;0.31;61.03;7.58;54;0;0;857.00;27
555;0;1623062811410;555;33;607;745;7.90;0.28;61.30;7.58;52;0;0;858.00;27
555;0;1623062811411;555;33;607;745;7.63;0.27;61.30;7.58;52;0;0;859.00;27
556;0;1623062811411;556;33;607;745;7.08;0.25;61.24;7.58;51;0;0;860.00;29
556;0;1623062811411;556;34;608;745;7.36;0.26;61.24;7.57;52;0;0;861.00;30
558;0;1623062811412;558;33;609;745;6.60;0.24;61.14;7.77;51;0;0;862.00;30
558;0;1623062811412;558;32;610;745;7.02;0.25;61.14;7.76;52;0;0;863.00;30
558;0;1623062811412;558;30;610;745;7.04;0.25;61.14;7.76;52;0;0;864.00;30
559;0;1623062811412;559;30;610;745;6.58;0.24;61.06;7.76;51;0;0;865.00;30
560;0;1623062811413;560;28;610;745;5.98;0.22;61.14;7.76;50;0;0;866.00;30
560;0;1623062811413;560;27;610;745;5.94;0.21;61.14;7.76;50;0;0;867.00;30
560;0;1623062811413;560;25;611;745;5.99;0.22;61.14;7.74;51;0;0;868.00;30
561;0;1623062811414;561;26;612;745;5.83;0.21;61.22;7.73;51;0;0;869.00;30
562;0;1623062811414;562;26;612;745;5.33;0.19;61.15;7.73;50;0;0;870.00;32
562;0;1623062811414;562;25;612;745;5.35;0.19;61.15;7.73;50;0;0;871.00;33
562;0;1623062811415;562;25;612;745;5.25;0.19;61.15;7.73;50;0;0;872.00;33
562;0;1623062811415;562;24;612;745;5.20;0.19;61.15;7.73;50;0;0;873.00;33
563;0;1623062811415;563;23;613;745;5.48;0.20;61.07;7.72;50;0;0;874.00;35
563;0;1623062811416;563;25;613;745;5.31;0.19;61.07;7.72;50;0;0;875.00;35
563;0;1623062811416;563;26;614;745;5.72;0.21;61.07;7.71;51;0;0;876.00;35
564;0;1623062811416;564;22;615;745;5.77;0.21;61.02;7.70;51;0;0;877.00;35
564;0;1623062811417;564;20;616;745;6.25;0.22;61.02;7.69;52;0;0;878.00;35
566;0;1623062811417;566;25;618;745;6.23;0.22;61.03;7.67;52;0;0;879.00;35
566;0;1623062811417;566;25;619;745;6.79;0.24;61.03;7.66;53;0;0;880.00;35
568;0;1623062811418;568;27;620;745;6.31;0.23;61.38;7.65;52;0;0;881.00;35
568;0;1623062811418;568;27;621;745;6.71;0.24;61.38;7.64;53;0;0;882.00;35
568;0;1623062811418;568;27;621;745;6.63;0.24;61.38;7.64;53;0;0;883.00;36
568;0;1623062811418;568;30;621;745;6.49;0.23;61.38;7.64;53;0;0;884.00;36
568;0;1623062811419;568;31;621;745;6.29;0.23;61.38;7.64;53;0;0;885.00;37
568;0;1623062811419;568;33;621;745;6.13;0.22;61.38;7.64;53;0;0;886.00;37
569;0;1623062811419;569;32;621;745;5.52;0.20;61.56;7.64;52;0;0;887.00;37
569;0;1623062811420;569;31;621;745;5.53;0.20;61.56;7.64;52;0;0;888.00;38
569;0;1623062811420;569;30;622;745;6.12;0.22;61.56;7.63;53;0;0;889.00;38
569;0;1623062811420;569;30;622;745;6.44;0.23;61.56;7.63;53;0;0;890.00;38
569;0;1623062811421;569;31;623;745;7.00;0.25;61.56;7.61;54;0;0;891.00;39
570;0;1623062811421;570;31;624;745;7.15;0.26;61.64;7.60;54;0;0;892.00;39
570;0;1623062811421;570;33;624;745;7.31;0.26;61.64;7.60;54;0;0;893.00;39
570;0;1623062811421;570;34;624;745;7.57;0.27;61.64;7.60;54;0;0;894.00;39
573;0;1623062811422;573;35;624;745;6.49;0.23;61.47;7.60;51;0;0;895.00;39
574;0;1623062811422;574;31;624;745;6.22;0.22;61.41;7.60;50;0;0;896.00;39
576;0;1623062811422;576;28;624;745;5.55;0.20;61.29;7.60;48;0;0;897.00;39
576;0;1623062811423;576;25;625;745;6.24;0.22;61.29;7.59;49;0;0;898.00;39
577;0;1623062811423;577;24;625;745;6.03;0.22;61.26;7.59;48;0;0;899.00;40
580;0;1623062811423;580;22;626;745;5.36;0.19;61.21;7.58;46;0;0;900.00;40
580;0;1623062811424;580;23;627;745;6.05;0.22;61.21;7.57;47;0;0;901.00;40
580;0;1623062811424;580;23;631;745;7.92;0.29;61.21;7.53;51;0;0;902.00;40
580;0;1623062811424;580;24;631;745;8.03;0.29;61.21;7.53;51;0;0;903.00;41
580;0;1623062811425;580;25;632;745;8.31;0.30;61.21;7.52;52;0;0;904.00;41
580;0;1623062811425;580;26;632;745;8.32;0.30;61.21;7.52;52;0;0;905.00;42
580;0;1623062811425;580;26;632;745;8.30;0.30;61.21;7.52;52;0;0;906.00;42
580;0;1623062811426;580;26;633;745;8.59;0.31;61.21;7.51;53;0;0;907.00;42
581;0;1623062811426;581;26;635;745;8.86;0.32;61.21;7.49;54;0;0;908.00;42
581;0;1623062811426;581;25;635;745;8.70;0.31;61.21;7.49;54;0;0;909.00;42
582;0;1623062811427;582;24;635;745;8.18;0.29;61.20;7.49;53;0;0;910.00;43
583;0;1623062811427;583;25;636;745;8.08;0.29;61.19;7.48;53;0;0;911.00;43
583;0;1623062811427;583;28;636;745;8.24;0.30;61.19;7.48;53;0;0;912.00;43
585;0;1623062811428;585;29;636;745;7.57;0.27;61.21;7.48;51;0;0;913.00;44
586;0;1623062811428;586;24;636;745;7.43;0.27;61.16;7.48;50;0;0;914.00;45
587;0;1623062811428;587;24;637;745;7.60;0.27;61.12;7.47;50;0;0;915.00;45
587;0;1623062811429;587;25;637;745;7.52;0.27;61.12;7.47;50;0;0;916.00;45
588;0;1623062811429;588;25;637;745;7.01;0.25;61.08;7.47;49;0;0;917.00;45
589;0;1623062811429;589;26;638;745;6.99;0.25;61.02;7.46;49;0;0;918.00;45
590;0;1623062811429;590;27;639;745;7.04;0.25;61.13;7.45;49;0;0;919.00;45
590;0;1623062811430;590;26;639;745;7.16;0.26;61.13;7.45;49;0;0;920.00;45
590;0;1623062811430;590;26;639;745;7.34;0.26;61.13;7.45;49;0;0;921.00;45
590;0;1623062811430;590;25;640;745;7.97;0.29;61.13;7.44;50;0;0;922.00;45
590;0;1623062811431;590;27;640;745;8.33;0.30;61.13;7.44;50;0;0;923.00;45
590;0;1623062811431;590;27;640;745;8.60;0.31;61.13;7.44;50;0;0;924.00;45
592;0;1623062811431;592;27;640;745;8.30;0.30;61.14;7.44;48;0;0;925.00;45
593;0;1623062811431;593;27;641;745;8.44;0.30;61.08;7.43;48;0;0;926.00;45
594;0;1623062811432;594;28;643;745;8.72;0.31;61.02;7.41;49;0;0;927.00;45
594;0;1623062811432;594;28;643;745;8.35;0.30;61.02;7.41;49;0;0;928.00;46
596;0;1623062811432;596;25;643;745;7.63;0.27;61.04;7.41;47;0;0;929.00;47
597;0;1623062811433;597;23;645;745;7.91;0.28;60.98;7.39;48;0;0;930.00;47
598;0;1623062811433;598;22;647;745;8.25;0.30;61.03;7.37;49;0;0;931.00;47
598;0;1623062811433;598;20;649;745;8.80;0.32;61.03;7.35;51;0;0;932.00;47
598;0;1623062811433;598;22;651;745;9.45;0.34;61.03;7.33;53;0;0;933.00;47
598;0;1623062811434;598;20;652;745;9.56;0.34;61.03;7.32;54;0;0;934.00;47
599;0;1623062811434;599;17;653;745;9.38;0.34;61.09;7.31;54;0;0;935.00;47
599;0;1623062811435;599;16;654;745;9.32;0.34;61.09;7.30;55;0;0;936.00;47
599;0;1623062811435;599;16;655;745;9.17;0.33;61.09;7.29;56;0;0;937.00;47
599;0;1623062811435;599;16;655;745;8.90;0.32;61.09;7.29;56;0;0;938.00;49
599;0;1623062811436;599;14;657;745;9.19;0.33;61.09;7.27;58;0;0;939.00;49
600;0;1623062811436;600;13;658;745;9.22;0.33;61.10;7.26;58;0;0;940.00;49
600;0;1623062811436;600;17;658;745;9.12;0.33;61.10;7.26;58;0;0;941.00;49
601;0;1623062811437;601;18;659;745;9.24;0.33;61.05;7.25;58;0;0;942.00;50
602;0;1623062811437;602;19;659;745;8.88;0.32;61.14;7.25;57;0;0;943.00;50
603;0;1623062811437;603;22;660;745;8.80;0.32;61.13;7.24;57;0;0;944.00;50
603;0;1623062811438;603;22;661;745;9.16;0.33;61.13;7.23;58;0;0;945.00;50
605;0;1623062811438;605;24;662;745;9.17;0.33;61.28;7.23;57;0;0;946.00;50
607;0;1623062811438;607;18;663;745;8.94;0.32;61.34;7.22;56;0;0;947.00;51
608;0;1623062811438;608;17;663;745;8.62;0.31;61.40;7.22;55;0;0;948.00;51
611;0;1623062811439;611;18;664;745;7.99;0.29;61.82;7.21;53;0;0;949.00;51
611;0;1623062811439;611;13;666;745;8.19;0.29;61.82;7.50;55;0;0;950.00;51
612;0;1623062811439;612;15;667;745;7.88;0.28;61.80;7.81;55;0;0;951.00;50
612;0;1623062811440;612;16;667;745;7.83;0.28;61.80;7.81;55;0;0;952.00;50
612;0;1623062811440;612;16;667;745;7.79;0.28;61.80;7.81;55;0;0;953.00;50
613;0;1623062811441;613;17;668;745;7.88;0.28;62.26;7.79;55;0;0;954.00;52
613;0;1623062811441;613;20;669;745;7.71;0.28;62.26;8.10;56;0;0;955.00;52
613;0;1623062811441;613;19;670;745;8.02;0.29;62.26;8.09;57;0;0;956.00;53
613;0;1623062811442;613;19;670;745;7.85;0.28;62.26;8.09;57;0;0;957.00;53
614;0;1623062811442;614;23;671;745;7.33;0.26;62.37;8.39;57;0;0;958.00;53
615;0;1623062811442;615;23;672;745;7.38;0.27;62.32;8.38;57;0;0;959.00;53
616;0;1623062811443;616;23;672;745;7.00;0.25;62.26;8.38;56;0;0;960.00;53
618;0;1623062811443;618;23;675;745;6.27;0.23;62.16;8.96;57;0;0;961.00;51
619;0;1623062811443;619;20;675;745;5.66;0.20;62.11;8.96;56;0;0;962.00;51
620;0;1623062811444;620;19;675;745;5.38;0.19;62.04;8.96;55;0;0;963.00;51
621;0;1623062811444;621;21;677;745;5.56;0.20;62.01;9.24;56;0;0;964.00;50
622;0;1623062811445;622;17;678;745;5.80;0.21;61.96;9.23;56;0;0;965.00;50
622;0;1623062811445;622;22;678;745;5.63;0.20;61.96;9.23;56;0;0;966.00;51
622;0;1623062811445;622;23;678;745;5.46;0.20;61.96;9.23;56;0;0;967.00;51
622;0;1623062811446;622;24;679;745;5.87;0.21;61.96;9.21;57;0;0;968.00;51
622;0;1623062811446;622;22;680;745;6.31;0.23;61.96;9.20;58;0;0;969.00;51
622;0;1623062811446;622;23;680;745;6.53;0.23;61.96;9.20;58;0;0;970.00;51
622;0;1623062811447;622;25;680;745;6.73;0.24;61.96;9.20;58;0;0;971.00;51
622;0;1623062811447;622;24;680;745;6.79;0.24;61.96;9.20;58;0;0;972.00;52
623;0;1623062811448;623;25;681;745;7.03;0.25;61.95;9.19;58;0;0;973.00;53
623;0;1623062811448;623;25;681;745;7.08;0.25;61.95;9.19;58;0;0;974.00;53
623;0;1623062811448;623;24;681;745;7.26;0.26;61.95;9.19;58;0;0;975.00;53
623;0;1623062811449;623;26;681;745;7.39;0.27;61.95;9.19;58;0;0;976.00;53
624;0;1623062811449;624;27;681;745;7.19;0.26;61.93;9.19;57;0;0;977.00;53
624;0;1623062811449;624;29;681;745;7.28;0.26;61.93;9.19;57;0;0;978.00;53
624;0;1623062811450;624;28;682;745;7.77;0.28;61.93;9.18;58;0;0;979.00;53
626;0;1623062811450;626;23;682;745;7.40;0.27;61.88;9.18;56;0;0;980.00;53
627;0;1623062811450;627;24;682;745;7.24;0.26;61.85;9.18;55;0;0;981.00;53
628;0;1623062811451;628;22;683;745;7.41;0.27;61.83;9.17;55;0;0;982.00;53
629;0;1623062811451;629;21;684;745;7.46;0.27;61.80;9.15;55;0;0;983.00;53
630;0;1623062811451;630;23;684;745;7.20;0.26;61.82;9.15;54;0;0;984.00;53
630;0;1623062811452;630;22;684;745;7.31;0.26;61.82;9.15;54;0;0;985.00;53
631;0;1623062811452;631;24;684;745;6.94;0.25;61.82;9.15;53;0;0;986.00;53
632;0;1623062811452;632;25;684;745;6.52;0.23;61.81;9.15;52;0;0;987.00;53
633;0;1623062811453;633;24;684;745;6.18;0.22;62.28;9.15;51;0;0;988.00;53
636;0;1623062811453;636;26;684;745;4.82;0.17;62.45;9.15;48;0;0;989.00;53
636;0;1623062811453;636;26;684;745;4.97;0.18;62.45;9.15;48;0;0;990.00;53
636;0;1623062811453;636;25;684;745;5.16;0.19;62.45;9.15;48;0;0;991.00;53
637;0;1623062811454;637;25;684;745;5.17;0.19;62.41;9.15;47;0;0;992.00;53
639;0;1623062811454;639;25;685;745;4.37;0.16;62.32;9.48;46;0;0;993.00;52
639;0;1623062811454;639;21;686;745;5.33;0.19;62.32;9.47;47;0;0;994.00;52
640;0;1623062811454;640;19;686;745;5.46;0.20;62.27;9.47;46;0;0;995.00;52
640;0;1623062811455;640;18;687;745;5.87;0.21;62.27;9.79;47;0;0;996.00;51
641;0;1623062811455;641;16;687;745;5.93;0.21;62.20;9.79;46;0;0;997.00;51
641;0;1623062811455;641;15;687;745;6.30;0.23;62.20;9.79;46;0;0;998.00;51
